Country Code,IMF Country Code,Country,Country group,Geographical region,Income group,Indicator Type,Series Name,1990,1991,1992,1993,1994,1995,1996,1997,1998,1999,2000,2001,2002,2003,2004,2005,2006,2007,2008,2009,2010,2011,2012,2013,2014,2015,2016,2017,2018,2019,2020,2021,2022,2023
AFG,512,Afghanistan,EMDEs,South Asia,Low income,External and private sector debt,"Private external debt stocks, % of GDP",,,,,,,,,,,,,,,,,,,,,,,,,,0.09473001944458294,0.08324084350721421,0.08473229889318434,0.1174901832460733,0.1128046196228014,0.08814064362336115,0.1242161254199328,0.1226792009400705,
ALB,914,Albania,EMDEs,Europe and Central Asia,Upper middle income,External and private sector debt,"Private external debt stocks, % of GDP",,,,,,,0.0,0.0,0.7526944453125001,0.5325791804300405,0.4883730203847259,0.374878767820774,0.3585070814167433,0.2435852165389414,0.4734725121781489,5.473559364133134,4.424370503597123,4.756570197621055,5.135408741557333,7.524551643972102,11.34203736282148,14.8082176912939,18.33562155144434,25.09977315394243,22.25970859127284,24.34747563438406,22.9431883324903,23.63822875967211,19.41317543049416,26.36287421261121,28.1990850447604,22.58072175266904,20.67348949326626,18.4663826286015
DZA,612,Algeria,EMDEs,Middle East and North Africa,Lower middle income,External and private sector debt,"Private external debt stocks, % of GDP",0.1192838086376561,0.1909718787759131,0.2241547513760437,0.1897256401309009,0.2069703802884198,0.1938540736846716,0.1762844930807734,0.2226336942260982,0.3060934581333538,0.259239094716191,0.2047018390050153,0.1888086442361099,0.4061748935236361,0.9958035407310633,0.9947684947886067,0.967722526273506,1.100962420054597,0.9550503824315885,0.9037444191835194,0.7715500777689817,0.6232964395196445,0.4294929926900317,0.3734668073116613,0.2776913311217626,0.2889454274450392,0.1712077858491472,0.1197669651589918,0.1004341398602135,0.1046647832725815,0.08991585728249235,0.1411335022515688,0.126799509371436,0.1040814427095568,0.1022698624716939
AND,171,Andorra,Advanced economies,Europe and Central Asia,High income,External and private sector debt,"Private external debt stocks, % of GDP",,,,,,,,,,,,,,,,,,,,,,,,,,,,,,,,,,
AGO,614,Angola,EMDEs,Sub-Saharan Africa,Lower middle income,External and private sector debt,"Private external debt stocks, % of GDP",0.03890412616339194,0.03930489414081734,0.07263585204896221,0.09940700835899693,0.5921451822759316,0.4754118734871712,0.3129870402802101,0.3014592479761398,0.3291064966071877,0.3502161573212862,0.2345641599498478,0.2386214565416285,0.1726871673426665,0.1341583096614832,0.04928774541440217,0.03024029834194368,0.01180799755636586,0.001700732387460546,0.0006268424084301834,4.491949592501459,6.281210992971276,7.847440737096342,4.51591606600392,3.932339989759344,3.327258564840233,8.035782398402672,11.47538368735414,10.44135893527397,10.36690379169832,12.12862061621468,16.93880186912617,11.83860220942814,2.04565971374139,
ATG,311,Antigua & Barbuda,EMDEs,Latin America and the Caribbean,High income,External and private sector debt,"Private external debt stocks, % of GDP",,,,,,,,,,,,,,,,,,,,,,,,,,5.638452281226614,4.808277800974252,4.238365326975445,5.104488909657329,4.729829611940298,5.603412288135601,7.662938436899423,6.986077701934017,5.907906038894575
ARG,213,Argentina,EMDEs,Latin America and the Caribbean,Upper middle income,External and private sector debt,"Private external debt stocks, % of GDP",2.512014498177492,1.851142843677911,1.682516923260369,2.417489760956628,4.574436373269408,5.587048377452798,6.289928941869714,7.182201178856326,8.363963834204952,8.65384615596944,8.187082995288883,10.5591600938017,25.41538786346903,20.00586778032872,14.50168247697243,13.27238138714226,11.58480740128472,10.4886216130119,10.74318607050021,10.63219805335995,8.95706068945139,8.073582242060935,7.080103334040638,6.644807056540702,7.221991221988808,6.557629221248194,5.622272232539594,6.103057181596649,8.300626393176604,10.17253884618656,11.95804505500781,8.110184313170297,5.874647909656837,6.776435524840444
ARM,911,Armenia,EMDEs,Europe and Central Asia,Upper middle income,External and private sector debt,"Private external debt stocks, % of GDP",,,,,,,,,12.00136045193185,16.09974029399022,18.43773137391042,17.03871576959396,15.09974747474747,13.09761311008194,10.66340508806262,9.09204081632653,7.771616541353383,10.84781664132088,11.76907906019551,15.06120490286771,23.92651187904968,27.65355945572865,27.57050569733497,31.42956568653898,31.84807924203273,34.42749928930162,35.88557747013085,31.0801422746595,30.26349333761438,31.29809824509876,37.456304382218,38.1613012464875,22.52583785999795,18.41511955045436
ABW,314,Aruba,EMDEs,Latin America and the Caribbean,High income,External and private sector debt,"Private external debt stocks, % of GDP",,,,,,,,,,,,,,,,,,,,,,,,,,,,,,,,,,
AUS,193,Australia,Advanced economies,East Asia and Pacific,High income,External and private sector debt,"Private external debt stocks, % of GDP",,,,,,,,,,,,,,73.8096179316995,73.15157199202963,68.83011934814107,88.02661468093689,87.98628571428591,71.82995558878233,97.06423812392421,83.49293116762952,74.19287763323292,78.39828981448046,79.43962402167098,82.05212979682115,98.51186351684768,95.87499329838259,95.21265546660959,89.86566029971151,92.2858930964037,95.35113028710501,77.30734744079358,71.00762172710212,75.20241279260019
AUT,122,Austria,Advanced economies,Europe and Central Asia,High income,External and private sector debt,"Private external debt stocks, % of GDP",,,,,,,,,,,,,,104.5659369660727,107.1244778823912,108.0739868528806,133.12548751405,145.0530481898924,132.5340519206954,145.1932899435118,140.518569008775,118.5755477758805,122.8894776412692,108.7464158048522,89.97195173244123,90.69032590769875,83.90809460033155,85.34238282579823,78.80637986107145,84.74293222683264,97.09932171768641,86.12278932641667,83.86627342874606,82.0390900694618
AZE,912,Azerbaijan,EMDEs,Europe and Central Asia,Upper middle income,External and private sector debt,"Private external debt stocks, % of GDP",,,,,,,,,1.690151869158878,2.368408757913119,1.870529051773184,1.738454794520548,1.163144940629012,1.050202899945025,2.651717829993089,1.414303380920009,0.4948462898536911,0.4326994084720122,0.6690598034880865,0.7084524577285143,4.078746810939538,3.967191835274138,3.94977545462373,2.888675814815814,1.925282228749917,5.371731735192558,6.246623439069522,4.682632283504532,3.123073599643411,2.148170303898369,2.666035783852154,2.342238220155039,1.468169262839649,
BHS,313,"Bahamas, The",EMDEs,Latin America and the Caribbean,High income,External and private sector debt,"Private external debt stocks, % of GDP",,,,,,,,,,,,,,,,,,,,,,,,4.096724408658009,4.800301619930895,4.578406965304548,5.339845442294271,5.040484878558021,4.567480516194087,4.252932291966385,4.578885217426961,3.612545370749481,2.958160564394818,2.482338995657205
BHR,419,Bahrain,EMDEs,Middle East and North Africa,High income,External and private sector debt,"Private external debt stocks, % of GDP",,,,,,,,,,,,,,,,,,,,,,,,,,,,,,,,,,
BGD,513,Bangladesh,EMDEs,South Asia,Lower middle income,External and private sector debt,"Private external debt stocks, % of GDP",,,,,,,,,,,,,,,,,,0.1524524503533458,0.3841479524438574,0.6395894428152492,0.7791504337625096,0.9435615229368514,1.11997571189804,1.219312540350408,1.501035238674663,1.436806497580096,1.166095100212641,1.155850283399432,1.629811842092981,1.39525051389656,1.504431909965713,1.829337080946032,1.714993883107599,1.589029925596375
BRB,316,Barbados,EMDEs,Latin America and the Caribbean,High income,External and private sector debt,"Private external debt stocks, % of GDP",,,,,,,,,,,,,,,,,,,,,,,,,,,,,,,,,,
BLR,913,Belarus,EMDEs,Europe and Central Asia,Upper middle income,External and private sector debt,"Private external debt stocks, % of GDP",,,,,,,,,0.6912942054999326,0.8433925108469448,0.9105238757533611,2.26891532321177,3.201212562947257,2.909326818675352,1.467189067201605,1.577893018342456,2.062780292524661,2.406312079461711,2.529564635816427,6.511255530429652,7.814085983921705,9.575778581671228,9.189391402335957,11.93313023206528,13.94474954277586,18.59192778142697,17.30841246881748,15.25212250790344,14.56601289763543,16.32316111404353,17.79398854025313,14.48477055727418,12.55820668099128,11.92229188764255
BEL,124,Belgium,Advanced economies,Europe and Central Asia,High income,External and private sector debt,"Private external debt stocks, % of GDP",,,,,,,,,,,,,,187.6536283925969,201.0524698475904,201.0955837669956,222.7091621544816,251.6461521981918,165.7430355520328,165.7206720112692,169.7542827730203,162.8499213552506,220.1138287620325,193.7044016144147,169.7000431386535,184.1100119576195,194.920737882172,196.2754850423907,167.7054059821984,175.8478138172319,185.9405266134569,161.73112150565,176.2534785124038,181.2867443779657
BLZ,339,Belize,EMDEs,Latin America and the Caribbean,Upper middle income,External and private sector debt,"Private external debt stocks, % of GDP",,,,,,,,,0.0,0.0,0.0,0.0,0.0,0.0,0.0,0.0,0.03161566919191919,0.04966974102413185,12.66733975750577,12.45619270077335,13.98809660724554,11.98367234744365,9.129842105263158,7.999901088031653,7.230258823529412,4.303097949886105,3.810664881749219,3.427613586237318,2.647230702136938,2.640385421030583,4.093701171875,4.250515463917526,3.55171317555634,3.749776241857689
BEN,638,Benin,EMDEs,Sub-Saharan Africa,Lower middle income,External and private sector debt,"Private external debt stocks, % of GDP",,,,,,,,,,,,,,,,,,,,,,,,,,,,,,,,,,
BMU,319,Bermuda,EMDEs,North America,High income,External and private sector debt,"Private external debt stocks, % of GDP",,,,,,,,,,,,,,,,,,,,,,,,,,,,,,,,,,
BTN,514,Bhutan,EMDEs,South Asia,Lower middle income,External and private sector debt,"Private external debt stocks, % of GDP",,,,,,,,,,,,,,,,,,,,,,0.5364820846905538,0.3990678404971517,0.2588713777325877,0.09622348680807036,2.716086547507055,2.719522091974752,2.275460122699386,2.078611844586948,1.965393430099313,1.59922660479505,1.672054898970644,1.52868595329383,
BOL,218,Bolivia,EMDEs,Latin America and the Caribbean,Lower middle income,External and private sector debt,"Private external debt stocks, % of GDP",3.625718981101068,2.661668228678538,2.489795918367347,3.221523410202655,3.188818212253096,3.564932160429402,3.859174001354096,5.379467104432377,7.56904593639576,12.69698769984278,16.7365508157424,12.53258123850399,12.22905140836175,13.184206623826,12.65903244166192,20.18223127546224,20.80479166666667,19.8353132566586,17.67842424964268,15.15463238662391,11.92152532093399,9.007288170706444,6.771625980499964,7.635602111193861,7.862394319583597,8.744270629644115,9.618625873819065,8.82864062251866,5.943668219117321,5.91605369844391,6.458519662845219,4.770196300027025,3.165871601038023,2.850503398601818
BIH,963,Bosnia & Herzegovina,EMDEs,Europe and Central Asia,Upper middle income,External and private sector debt,"Private external debt stocks, % of GDP",,,,,,,,,,0.05227193895248006,11.9285740007202,12.23127593360996,9.263030844881538,22.37204199598915,23.97096583636901,32.30404206675812,37.57857142857142,46.85780199699798,47.59957246686618,47.9537355832055,50.32824516429736,34.22921788609158,39.38631370953681,39.22581107133021,36.05396285498326,35.24759205071934,33.98758544137407,39.91147549929062,22.37702597148994,22.57582385392764,24.10104815583902,17.34699869049128,17.26352557570817,17.54387048563725
BWA,616,Botswana,EMDEs,Sub-Saharan Africa,Upper middle income,External and private sector debt,"Private external debt stocks, % of GDP",0.0,0.0,0.0,0.7319610816274955,0.7581740253640207,0.6351653236212279,0.489623934226553,0.3340680502893634,0.2797190869384359,0.213504278588583,0.09419688841957058,0.0,,,,,,,,,,,0.5730135902782771,0.5583590246636772,0.5151195862960569,0.0,,,0.0,0.07268112721609966,0.1240196664434025,0.07574917329348348,0.02136243710691824,
BRA,223,Brazil,EMDEs,Latin America and the Caribbean,Upper middle income,External and private sector debt,"Private external debt stocks, % of GDP",1.59033200202049,2.088441982246668,3.562595522466108,4.969712998201238,4.602828393840853,4.112012832394987,5.845846340827543,8.650883374949936,12.75319272810471,19.26871956652469,17.25935417168863,17.25158928983432,17.3248350778936,14.99077425604408,11.02074356143077,7.946657694331636,8.13354569543204,8.587679736879023,8.672619542897241,9.130585566587428,8.511821756826627,10.17907625260565,11.77252167469206,12.63066168840458,13.14165733303611,17.58971210236294,17.21682915048908,14.86804261461126,15.53266673748809,15.62635958454288,19.15626721877769,16.8502740816748,15.63046523680367,14.75601495767228
BRN,516,Brunei Darussalam,EMDEs,East Asia and Pacific,High income,External and private sector debt,"Private external debt stocks, % of GDP",,,,,,,,,,,,,,,,,,,,,,,,,,,,,,,,,,
BGR,918,Bulgaria,EMDEs,Europe and Central Asia,Upper middle income,External and private sector debt,"Private external debt stocks, % of GDP",,,,,,1.800758213984836,3.359089060593737,3.74464080586728,3.683746923025747,5.068359260346345,5.802687603804922,5.512218853557076,6.771913674327868,8.634238153787951,14.55427402706629,24.96498259006295,39.44324025596277,53.00858615412316,53.16073316689918,61.21790711979087,58.72631288222529,50.75618043757152,56.82158498627917,58.51240057327123,51.04919325169496,43.29284954497105,36.18326317936546,31.96742848468493,27.41328805084491,26.96466925053346,26.54589893473283,22.45935909631391,21.44269978545045,19.27554785668568
BFA,748,Burkina Faso,EMDEs,Sub-Saharan Africa,Low income,External and private sector debt,"Private external debt stocks, % of GDP",0.0172163876146789,0.01686313102665911,0.009813803973509934,0.004807263128646846,0.0,,,,,,,,,,,,,6.411433066736594,11.37566137566137,18.83474576271187,25.91421229491995,30.1043219076006,38.59495584374255,46.93543588217792,55.21617552161756,83.9347587255979,57.61945592018083,68.19213849865191,45.93490826840915,34.1548187885971,29.68961360820097,27.38373867914929,28.88718925208929,
BDI,618,Burundi,EMDEs,Sub-Saharan Africa,Low income,External and private sector debt,"Private external debt stocks, % of GDP",0.1532016180371353,0.137812999143102,0.1363000369685767,0.0,,,,,,,,,,,,,,,,,,,,,,,,,,,,,,
CPV,624,Cabo Verde,EMDEs,Sub-Saharan Africa,Lower middle income,External and private sector debt,"Private external debt stocks, % of GDP",,,,,,,,,,,,,,,,,,,,,,,,0.0,0.1644627815866797,0.1835499142857143,0.167987115902965,0.147994,0.1262648191027496,0.08888264903630658,0.05934220765027322,0.01757369184592296,0.0,
KHM,522,Cambodia,EMDEs,East Asia and Pacific,Lower middle income,External and private sector debt,"Private external debt stocks, % of GDP",,,,,,,,,,,,,,,,,,,,1.556565252201761,3.205342128153088,3.540656802147718,8.356503449436312,8.64856609108351,8.423865698729582,9.753478961060411,8.981572712571923,10.03823569435939,12.22237726409692,11.59091107355106,14.13357746316427,15.92113832336979,19.10359675396155,16.82739226658261
CMR,622,Cameroon,EMDEs,Sub-Saharan Africa,Lower middle income,External and private sector debt,"Private external debt stocks, % of GDP",2.409562658971382,1.865632543950995,2.409795692708681,2.345779530459291,2.862817226511015,2.719794557816377,2.49910906119177,2.267396399753348,2.097886492326689,3.511836197524452,3.553687425085408,2.063799086757991,1.433705230818983,3.856535373808329,3.363415412434186,3.031770246749258,2.339302792654935,2.65774518407087,2.293389145496536,2.205225244597355,2.096658191064293,1.505825115914583,1.219394180420229,0.6667496812831688,1.5529261457303,2.848651165678453,2.994622097322881,2.564678822812171,1.756906381276255,3.536284122703098,4.148858380441965,1.257359388425018,1.133319852610767,
CAN,156,Canada,Advanced economies,North America,High income,External and private sector debt,"Private external debt stocks, % of GDP",,,,,,,,,55.20040069936468,48.93033571829715,46.22558633605101,51.7803858516201,54.89558903337191,53.68134682880724,49.42987957112786,46.92535168246516,46.25215678150237,51.57040819650529,49.01633077112109,64.003955341389,57.87185202640532,53.86074704316486,62.1911269449701,63.68255871903664,70.28114715956454,83.01470065277043,92.3362529760653,94.91257802203543,93.7505964143668,115.6251322540928,127.2741972722095,112.9325026844583,108.2138316827957,122.9195093971185
CYM,377,Cayman Islands,EMDEs,Latin America and the Caribbean,High income,External and private sector debt,"Private external debt stocks, % of GDP",,,,,,,,,,,,,,,,,,,,,,,,,,,,,,,,,,
CAF,626,Central African Rep.,EMDEs,Sub-Saharan Africa,Low income,External and private sector debt,"Private external debt stocks, % of GDP",0.0,0.01845444592790387,0.03403546184738956,0.03628256684491978,0.02827641025641026,0.0236969024171889,0.02476609,0.1244723595505618,0.1252816023166023,0.1150109720885467,0.1192521428571429,0.1129866184649611,0.1186768362156663,0.1182648400673401,0.115666358778626,0.09287485491861287,0.09525716514954487,0.09331012535612536,0.0,,,,,,,,,,,,,,,
TCD,628,Chad,EMDEs,Sub-Saharan Africa,Low income,External and private sector debt,"Private external debt stocks, % of GDP",0.01537504421221865,0.01273425152129818,0.009115533073929961,0.008526362422083706,0.009964667399670148,0.003678968609865471,0.001864045986284792,0.000560864819479429,0.0,,,,,,,,,,,,,,,,,,,,,,,,,
CHL,228,Chile,EMDEs,Latin America and the Caribbean,High income,External and private sector debt,"Private external debt stocks, % of GDP",,,,,,,,,,,,,,52.16442164172845,40.15924542753348,34.33251617912015,29.26109593704784,30.46545030131296,33.93977241188625,40.91200826526565,37.97424988224314,37.5271688390205,43.63553324663775,46.50152180304752,55.38107407399499,61.51128004219972,60.86916948477027,57.17312647894571,53.94115719937665,60.59361442011282,68.09945758270042,58.96344408313298,61.10757178177144,56.63629029859604
CHN,924,China,EMDEs,East Asia and Pacific,Upper middle income,External and private sector debt,"Private external debt stocks, % of GDP",0.01668700673239365,0.01796089656808056,0.05079493130115331,0.1242785849152864,0.2252758080315336,0.2998075053899064,0.2611040672633962,0.3541589101150219,2.65997859724049,3.462869344859079,3.134632676693775,2.755147718777579,2.172081463799666,2.114110039940566,2.162563107672641,2.21618248582217,2.320508077086606,2.319020208653539,2.226907792400727,2.010222594179751,1.947430056862722,2.095518826749697,2.415879813349221,2.489582903892891,3.318268680848339,3.19645614148116,3.940303587801687,3.859473856128744,3.419162255891786,4.052319644884454,4.631055913757545,4.208050400143429,3.526928803250014,3.465025447086566
COL,233,Colombia,EMDEs,Latin America and the Caribbean,Upper middle income,External and private sector debt,"Private external debt stocks, % of GDP",2.057391521463858,1.69612968906374,1.825595298852419,2.635548950734036,3.166332872574617,5.024151622589631,7.029550503745802,8.430098831280885,8.581622425143342,9.929170383586085,10.33610456331218,11.45961518759093,9.11839594054626,11.33003125265754,7.750300733790449,6.319909890728773,5.410632722058432,5.491495417737478,5.154871445949568,5.8020105906594,6.571744305370369,6.922875754554193,5.892144670358871,7.138969867100767,7.858959710418635,10.75382906518747,12.53945047909762,12.09882226996698,12.760909422849,14.66284285957499,18.49731790137157,16.75030042643435,17.04572611704746,17.39975895683952
COM,632,Comoros,EMDEs,Sub-Saharan Africa,Lower middle income,External and private sector debt,"Private external debt stocks, % of GDP",,,,,,,,,,,,,,,,,,,,,,,,,,,,,,,,,,
COD,636,"Congo, Dem. Rep.",EMDEs,Sub-Saharan Africa,Low income,External and private sector debt,"Private external debt stocks, % of GDP",,0.03577674385093168,0.0380979412655162,0.0291414708113804,0.05708191291851161,0.05980774109747812,0.04509780273528771,0.04713175058121378,0.0672134207406705,0.07216304225204993,0.06838621324107565,0.0,,,,,,,,,,,,,,,,,,,,,,
COG,634,"Congo, Rep.",EMDEs,Sub-Saharan Africa,Lower middle income,External and private sector debt,"Private external debt stocks, % of GDP",,,,,,,,,,,,,,,,,,,,,,,,,,,,,,,0.05342185459294732,0.06641450661089117,0.0711652388797364,
CRI,238,Costa Rica,EMDEs,Latin America and the Caribbean,Upper middle income,External and private sector debt,"Private external debt stocks, % of GDP",5.360118528847829,4.266722245380019,3.931800140088722,2.948800333820154,2.196787110306035,1.868362411470029,1.668347171103312,1.372681883024251,1.653630917592051,1.435577529981064,1.248927810335642,1.066274485261906,0.9239085865894838,0.787532557735718,2.629793177544991,5.962686418275227,5.691310472333495,5.555387762692951,5.160619440296085,6.710476159500423,4.409323879328659,7.606108226930453,13.10351887531494,13.77076684527665,16.0123632658554,18.81775273732327,19.95631383078152,19.52695440950477,20.57191054435936,20.8616111904614,22.43199640922061,23.39769375250177,23.20663103921427,19.64495251273915
CIV,662,Cote d'Ivoire,EMDEs,Sub-Saharan Africa,Lower middle income,External and private sector debt,"Private external debt stocks, % of GDP",17.15322883870535,17.96004502137341,16.97614167099118,17.14724914854598,22.73487643578141,17.5026109832292,11.02647199046484,12.77888662593347,10.51203464693398,9.323144793736123,9.98097771193859,8.86196319018405,7.340296244459996,5.393350938413657,4.404615250392601,3.811034453568103,3.17525580639922,2.098075147382627,2.193569495255941,2.516843261211528,2.955476169730766,3.749050071772355,6.724909532811234,4.781377810678264,3.464176997667853,2.989477245443632,2.735616775119815,2.357684927826021,1.728101742421653,2.117832841031416,1.569610844753561,1.028207953812146,0.7267410275379618,
HRV,960,Croatia,Advanced economies,Europe and Central Asia,High income,External and private sector debt,"Private external debt stocks, % of GDP",,,,,,,,,,24.90036012316376,33.20061775267934,34.04415158073284,43.09731666061565,53.24844987651407,57.69321522147157,54.80593376984146,66.62232537509419,70.85694630510193,71.6504665173433,87.68175978207363,86.55593619016713,77.15808766344087,79.74646805076607,76.0314005441952,65.9587622004079,63.34392937116464,54.93172095571916,55.89894232704738,48.70958705459623,46.71438638974445,52.88245595528659,41.63639087379451,39.95104243742011,35.84088335936827
CUB,928,Cuba,EMDEs,Latin America and the Caribbean,Upper middle income,External and private sector debt,"Private external debt stocks, % of GDP",,,,,,,,,,,,,,,,,,,,,,,,,,,,,,,,,,
CUW,354,Curacao,EMDEs,Latin America and the Caribbean,High income,External and private sector debt,"Private external debt stocks, % of GDP",,,,,,,,,,,,,,,,,,,,,,,,,,,,,,,,,,
CYP,423,Cyprus,Advanced economies,Europe and Central Asia,High income,External and private sector debt,"Private external debt stocks, % of GDP",,,,,,,,,,,,,,,,,,,469.0391706449294,561.592978918409,725.683701248967,704.7807835088521,845.0702737836444,890.6440491167375,964.6583318619612,1149.842853064541,1006.122843112932,1000.948905844571,789.7075747824683,749.9538653697874,752.2639259555905,595.3794115968286,558.145722014483,531.7827860239879
CZE,935,Czechia,Advanced economies,Europe and Central Asia,High income,External and private sector debt,"Private external debt stocks, % of GDP",,,,,,,,,,32.78274745676891,33.19767723986219,31.71422672506599,30.86999902657452,32.12953807740325,32.08646663606393,27.10798217918523,28.95337377770952,32.00033686338084,28.56020511868967,33.22695342988466,33.68422537905965,30.51922164434174,35.23394382173317,49.51705938093845,48.44414206917811,50.19710825027625,51.82438122302646,72.97470024004723,63.18115889747752,61.69164409761456,64.6049883955308,56.58825834525503,52.82701986476119,49.54311719557192
DNK,128,Denmark,Advanced economies,Europe and Central Asia,High income,External and private sector debt,"Private external debt stocks, % of GDP",,,,,,,,,,,,,,118.320981031376,122.5167419194431,121.9802560464336,147.5407153836708,166.6112515398117,146.2887981728385,171.9421054478687,169.2812152831946,146.86610972797,158.1437924483618,158.7556501646969,135.8537332297433,140.8399909060987,138.9137867678448,150.7844810512931,127.3572361712709,134.1539351219816,154.5072554773399,131.0888444500027,116.0055033324324,122.6778855972892
DJI,611,Djibouti,EMDEs,Middle East and North Africa,Lower middle income,External and private sector debt,"Private external debt stocks, % of GDP",,,,,,,,,,,,,,,,,,,,,,,,,,,,5.071280036096347,5.738448912857097,6.414833020996092,6.949513343799058,0.6054341405788541,0.8055287171229201,0.7221402447815306
DMA,321,Dominica,EMDEs,Latin America and the Caribbean,Upper middle income,External and private sector debt,"Private external debt stocks, % of GDP",,,,,,,,,,,,,,,,,,,,,,,,,,,,,,,,,,
DOM,243,Dominican Republic,EMDEs,Latin America and the Caribbean,Upper middle income,External and private sector debt,"Private external debt stocks, % of GDP",1.611232020012508,1.130373217356124,0.847212408444636,0.6159544377341182,0.4353636053260498,0.2766063593195889,0.1645159521982239,0.1153969126242694,0.1023163528977482,0.06703708722952523,0.05348473627910803,0.04782048277478322,0.6694337406877316,0.0477135421507575,0.03942504221096596,0.02535885167464115,1.105618716774567,1.930142737195634,1.759179355266979,1.752933628593307,1.569321785575193,1.577064109626773,11.28319587798574,10.70017686988113,10.82491823263559,10.28913183821259,10.25832112646317,10.7937339227292,9.356404297559267,10.42986229670231,9.558399959454151,7.904831777086112,7.019756219648205,6.258668326029871
ECU,248,Ecuador,EMDEs,Latin America and the Caribbean,Upper middle income,External and private sector debt,"Private external debt stocks, % of GDP",1.396763450042699,1.084854250704011,0.6971671190923644,1.435976881368051,1.108661923114932,2.001819836214741,1.391243858962654,1.315433125701242,0.7987220447284346,8.313620242443491,8.18550567566026,7.16693042763869,9.570255784726843,10.76740190537704,12.59916181275749,11.59035229275801,10.89880939353483,10.40647756223796,6.553216441224095,7.474914718362593,7.49805138589309,6.02338359476876,5.288889268820881,5.518566842704774,5.848682801456415,7.009931077049687,8.423770617685904,7.359866752180114,7.123763711980946,9.735903751068813,11.18086058519794,9.252731418997534,8.492501672585044,
EGY,469,"Egypt, Arab Rep.",EMDEs,Middle East and North Africa,Lower middle income,External and private sector debt,"Private external debt stocks, % of GDP",1.062346960150697,1.77881439160868,1.379254711555878,1.029465180309332,0.7023419164069661,0.4991485709090909,0.182011896144436,0.1660313634255487,0.4325670294543049,0.5079505742905545,0.5483404734993126,0.6058670606122828,1.051184495075392,0.7437264160492233,0.4898466163780098,0.4026498115312291,0.4611147189598058,0.4913948075590092,0.3781422844078057,0.2763679438875331,0.1816332953083157,0.1230004429894319,0.0855002873520283,0.06479858635065339,0.0479375303605962,0.03770809924625627,0.0663893110689358,0.1882609785841038,0.1794050050160361,0.1133201633248819,0.1051805764329129,0.1851138672336405,0.1891612710450286,0.2262650462983586
SLV,253,El Salvador,EMDEs,Latin America and the Caribbean,Upper middle income,External and private sector debt,"Private external debt stocks, % of GDP",0.7126193441261934,0.5568735719725819,0.3345432650954757,0.2299850299401198,0.1948951686417502,0.125375476350594,0.08234925933653243,0.4950401095675993,0.7983084941025875,0.8745480326125487,0.9893338990241833,1.313205243018807,1.043185407454201,11.98912715191785,12.87128597449909,17.86792080555178,20.5804625,18.12214907124383,18.45358314338133,17.84784683558687,19.35999566348656,19.64863439163873,18.17528757130833,18.9187804101678,18.69447173903421,20.14885655772677,21.09704435533876,21.67461867969094,18.91147534683525,18.91013727167888,20.7353316480077,18.9632958027752,18.66390009065616,19.58234410741445
GNQ,642,Equatorial Guinea,EMDEs,Sub-Saharan Africa,Upper middle income,External and private sector debt,"Private external debt stocks, % of GDP",,,,,,,,,,,,,,,,,,,,,,,,,,,,,,,,,,
ERI,643,Eritrea,EMDEs,Sub-Saharan Africa,Low income,External and private sector debt,"Private external debt stocks, % of GDP",,,,,,,,,,,,,,,,,,,,,,,,,,,,,,,,,,
EST,939,Estonia,Advanced economies,Europe and Central Asia,High income,External and private sector debt,"Private external debt stocks, % of GDP",,,,,,,,,47.05034654749472,45.73609258801455,49.2625319782723,49.41690476950071,60.41114889698417,67.98058805541402,78.9778871794374,77.29822051689084,96.07990365382766,110.5646916711159,105.3255966929972,120.3050597674301,106.7969868152085,81.57144752261956,86.88140739775983,80.0887888914011,71.05637345640667,76.10597269951121,69.4600710493227,73.02633672963216,62.82674309123993,61.49816254845977,69.41935577855646,60.65241864522486,58.98552576518563,66.37427690599162
SWZ,734,Eswatini,EMDEs,Sub-Saharan Africa,Lower middle income,External and private sector debt,"Private external debt stocks, % of GDP",,,,,,,,,,,,,,,,,,,,,6.809824245155475,8.653128885205138,8.26171475342746,7.121369565217392,3.061906913691821,1.804481654764836,7.217038007863696,4.41615611527116,3.989500749946433,4.611568409343715,4.116214859437751,4.875283446712018,3.603527447297016,
ETH,644,Ethiopia,EMDEs,Sub-Saharan Africa,Low income,External and private sector debt,"Private external debt stocks, % of GDP",0.00870186581976975,0.007624928202182653,0.005130647795318455,0.004910860767800502,0.002876459741856177,0.0,,,,,,,,,,,,,,,,,,,,,,,,,,,,
FJI,819,Fiji,EMDEs,East Asia and Pacific,Upper middle income,External and private sector debt,"Private external debt stocks, % of GDP",,,,,,,,,,3.464828897338403,3.996710526315789,4.054505005561736,3.652304609218437,2.905540055799123,2.467840216655383,2.23825606386245,2.168997322225528,1.976681127982647,9.082809224318659,18.90373470701867,16.85355673133451,13.20688812896922,12.97490123169881,11.52919145186164,9.428042001235331,9.42738146091414,9.104259634888438,7.315710816364655,7.058950008958968,9.136480529022778,11.20374548736462,12.665737514518,12.57971887550201,
FIN,172,Finland,Advanced economies,Europe and Central Asia,High income,External and private sector debt,"Private external debt stocks, % of GDP",,,,,,,,,,,,,67.75707922027011,66.91332039694888,73.07915294594457,74.5409343460212,89.31926614801405,94.42920267698355,93.81149517825577,124.9540205827298,140.904269553095,152.2870850208306,177.3739582285436,162.3039181769271,145.4761474390217,148.9720605990842,140.8961283729046,136.5455689902097,164.7295156852153,178.2811055875179,183.1698582583089,155.9667180821659,176.0400976218412,171.5476840189152
FRA,132,France,Advanced economies,Europe and Central Asia,High income,External and private sector debt,"Private external debt stocks, % of GDP",,,,,,,,,,,,,89.45111600775287,93.84188130360727,98.6104591038439,104.8230984095789,127.2894164976414,141.522268927301,119.1416585010903,132.399008137645,136.6272412995949,124.6078039617742,132.8648483657263,130.2826884483035,123.9474466492118,132.9277111420016,134.1490899093469,149.9713708650142,144.5482730177711,160.324463992238,194.2809818042339,173.1995266071144,184.6149234246392,185.1204758404145
GAB,646,Gabon,EMDEs,Sub-Saharan Africa,Upper middle income,External and private sector debt,"Private external debt stocks, % of GDP",0.02737982962612399,0.02826944560305874,0.0244392376154492,0.002404217474379017,0.0005993502128613041,0.0,,,,,,,,,,,,,,,,,,,,,,,,,,,,
GMB,648,"Gambia, The",EMDEs,Sub-Saharan Africa,Low income,External and private sector debt,"Private external debt stocks, % of GDP",0.2550169486823856,0.1890931842105263,0.1268091585365854,0.08314080865603646,0.05679203448275862,0.0206539603960396,0.0,,,,,,,,,,,,,,,,,,,,,,,,,,,
GEO,915,Georgia,EMDEs,Europe and Central Asia,Upper middle income,External and private sector debt,"Private external debt stocks, % of GDP",,,,,,,0.0,0.1067627494456763,0.6352211796246648,0.9229537888198758,1.64950695610687,1.830866807610994,1.631276807901517,1.186175310748233,1.919892810780034,2.012004992412747,1.994618924677278,2.301081767068273,23.02253381972944,28.97138856265245,25.29654728370221,27.53901130856219,26.0371966378596,31.85146722996118,33.45413558944673,44.5415095579058,48.14143735836841,42.30738829528897,43.80855068416643,51.23217342023236,56.24867919815149,50.09449838187702,37.48674004402641,30.75150184081937
DEU,134,Germany,Advanced economies,Europe and Central Asia,High income,External and private sector debt,"Private external debt stocks, % of GDP",,,,,,,,,,,,91.41111232169325,105.6656332931475,105.4874310979467,108.1807439329759,100.0650070600097,112.7502891619046,118.9223284010249,103.4571397843547,109.5578794954861,109.0360287369902,95.72148048033229,102.7580941622275,93.5581829442408,83.11238486977824,89.33301331238388,88.47245407472579,96.94130950764416,89.84117456515517,96.38694578655375,113.6589167935561,106.3236335752198,108.8201250073121,103.7189013646176
GHA,652,Ghana,EMDEs,Sub-Saharan Africa,Lower middle income,External and private sector debt,"Private external debt stocks, % of GDP",0.2237439826428911,0.2062038046770871,0.2150073565473271,0.2780041953850764,0.2605194805194805,0.1852977412731006,1.750574861129053,1.690515385589464,1.53209833391588,1.463469548575931,2.240627724498692,2.084355076017656,1.781063005983809,0.005705157462345961,0.0,3.048780487804878,8.142305162206142,11.72652449770885,13.73052329341163,18.19357533019277,22.05598818288827,20.09599806867351,19.77486368593239,20.12305422121754,21.15124988486691,24.35290167283614,26.43735038472499,20.98080483563799,19.92477140605718,9.916032946615365,14.24494772026054,12.01783313860727,12.29895630026439,
GRC,174,Greece,Advanced economies,Europe and Central Asia,High income,External and private sector debt,"Private external debt stocks, % of GDP",,,,,,,,,,,,,,28.76659631571924,30.94746194790205,33.5113744496234,42.15458709392055,55.68105286260739,52.89375333689268,60.62639560778246,61.96204702590729,49.4816890855499,52.53672635981881,55.90552795810992,52.87792769233043,34.52097009810783,41.50905886573969,36.81492483896805,46.59170673262753,64.40481396633781,77.43702157182373,80.24450940873602,69.3011032225503,65.06185463015423
GRD,328,Grenada,EMDEs,Latin America and the Caribbean,Upper middle income,External and private sector debt,"Private external debt stocks, % of GDP",,,,,,,,,,,,,,,,,,,,,,,,,,,,,,,,,,
GTM,258,Guatemala,EMDEs,Latin America and the Caribbean,Upper middle income,External and private sector debt,"Private external debt stocks, % of GDP",1.72425297013935,1.416336708088075,1.417595627342671,1.654142145767315,1.287157506809806,1.01067615658363,0.8070971184631804,0.6051760687787069,0.9856399978332702,0.928372173114453,0.7808596336349591,0.6147605776539143,0.466716839992702,0.3716568508574398,10.44003283020379,15.23685368536854,17.49460840679698,18.29500114194359,18.00322300084489,21.99576019159407,18.29095510086038,17.6171576794112,15.6831389523466,17.30565966521354,19.48594276821994,18.83482309424252,17.8570645425084,18.94684184072378,19.04863700208643,17.59498678003007,15.53762642509715,15.13449634476587,12.64089512020546,10.30420272533379
GIN,656,Guinea,EMDEs,Sub-Saharan Africa,Lower middle income,External and private sector debt,"Private external debt stocks, % of GDP",,,,,,,,,,,,,,,,,,,,,,,,,,,,,,,,,0.5360151105212109,
GNB,654,Guinea-Bissau,EMDEs,Sub-Saharan Africa,Low income,External and private sector debt,"Private external debt stocks, % of GDP",,,,,,,,,,,,,,,,,,,,,,,,,,,,,,,,,,
GUY,336,Guyana,EMDEs,Latin America and the Caribbean,High income,External and private sector debt,"Private external debt stocks, % of GDP",,,,,,,,,,0.3032930107526882,0.2719438877755511,0.240625,0.2036655948553055,0.1705402010050251,0.1365721182860591,0.1057827102803738,5.265929436545551e-05,4.49438202247191e-05,4.014452027298274e-05,0.06602465331278891,0.001246105919003115,0.001382211538461538,0.0,0.001751439539347409,4.483357558139535,3.971962616822429,5.23187597590899,4.373694187026116,3.278738512949039,2.054715887127947,1.016925607749954,1.630122683372488,1.020235391286393,
HTI,263,Haiti,EMDEs,Latin America and the Caribbean,Lower middle income,External and private sector debt,"Private external debt stocks, % of GDP",,,,,,,,,,,,,,,,,,,,,,,0.0,0.02012882447665056,0.006606328863050803,0.004955835749443733,0.03013003715347242,0.00436951316839585,0.001440379239090798,0.0,0.0,0.01917495360898321,0.02873499445173005,
HND,268,Honduras,EMDEs,Latin America and the Caribbean,Lower middle income,External and private sector debt,"Private external debt stocks, % of GDP",3.610897986999797,3.311832047752205,2.930501618122977,2.475851642813949,2.73526497199483,2.742400738688827,4.602568525972782,4.905195258019526,6.804775369148603,8.774879227053141,8.163907657657658,6.628864497582647,5.952214303894121,4.988359659781288,6.407262065854759,5.214719147191471,5.817935330218925,5.044252083164793,4.729084755526752,6.030712278055804,3.654277416503567,4.057930099937892,4.308054850726124,5.115718611441548,5.629529691692401,4.966722280484317,4.258014001473839,4.088512403837842,3.914904225703245,4.16005739109641,4.97020062117015,6.145261495261495,4.95964182116282,4.443054919296425
HKG,532,"Hong Kong SAR, China",Advanced economies,East Asia and Pacific,High income,External and private sector debt,"Private external debt stocks, % of GDP",,,,,,,,,,,,,218.0931211523663,239.343845200471,263.9910122127924,258.0448836722554,280.270150117562,354.1906315724798,313.5768974685218,332.0495435603229,383.7102200412003,395.7660707243858,391.6658442137007,420.4164401498746,445.8481956357647,419.3819578132171,422.0446786760581,460.4499834442423,467.479918502976,460.4323566756181,517.9441037742686,504.8420071336806,493.3479868746794,482.7810676739997
HUN,944,Hungary,EMDEs,Europe and Central Asia,High income,External and private sector debt,"Private external debt stocks, % of GDP",,,,,,,,,,,,,31.70057050133926,39.05404322645142,47.25838806409784,47.0888824484116,79.43944769692455,90.27434433854137,106.0355637798546,132.3238322207735,105.1369040708996,99.1986725488279,104.390844439102,97.65859462195225,87.64019944167134,85.2329084988539,78.0646472521108,74.98164333307595,68.74660010479222,70.8414397156697,125.7448889737141,113.0534343456532,119.2050680469058,95.82725882057929
ISL,176,Iceland,Advanced economies,Europe and Central Asia,High income,External and private sector debt,"Private external debt stocks, % of GDP",,,,,,,,,45.23073847601129,57.85395234914273,71.78842233547529,82.23963570127505,87.82058381626959,117.5655612914516,171.9186835443038,261.7519254732095,395.3578356713427,537.760615157253,640.7297869986169,871.5839288429374,820.0333793905897,671.4901458415451,647.5114831887201,627.5583743511372,517.8560212670697,147.0206993554547,103.0379751745347,78.38746223337512,64.96712377434218,65.87834180089948,76.51684469163075,67.57944934283039,63.89426762948752,63.85101838518273
IND,534,India,EMDEs,South Asia,Lower middle income,External and private sector debt,"Private external debt stocks, % of GDP",0.5794346658504139,0.7074609188648858,0.5433601452066201,0.768133089887037,2.079757142678176,1.932842977065124,2.023086031274975,2.344061330600272,2.120554491691546,1.839768866965549,3.431300203567067,3.582653158000989,3.705602300898361,7.94666099932368,7.216118680818781,6.924562439683807,7.813774115872205,7.978370051646372,8.843129994461568,8.812058757915148,7.599930997985815,7.808155255681132,9.478234653850848,11.14607868859134,10.47772757655605,10.90729292047682,9.292657651199649,8.496557952293706,8.552899779128575,9.05376642594211,9.829006763738704,8.490012979628204,7.766101958239687,7.641439779545465
IDN,536,Indonesia,EMDEs,East Asia and Pacific,Upper middle income,External and private sector debt,"Private external debt stocks, % of GDP",7.421270378567606,8.524955033062021,9.67494651770858,7.348373342831551,11.43559306966364,13.56246074348864,13.35689897423577,17.05875824765997,47.45653512308906,27.9412549214344,22.93782942022041,19.71566412808655,14.10967590351821,11.6522933588151,12.00899464459591,14.55165122861186,11.79423557064244,10.31852935170137,8.829918626666023,9.470325298102068,7.871005596654192,7.869201170477362,8.489287480797934,9.45577519057033,11.3997953559381,12.42982236172452,10.57239829979708,10.73821956391127,10.91866779625664,10.8159609926012,11.49827361595007,10.0190904807292,8.5837273613954,8.052196180979406
IRN,429,"Iran, Islamic Rep.",EMDEs,Middle East and North Africa,Lower middle income,External and private sector debt,"Private external debt stocks, % of GDP",,,,0.002602057440767118,0.03068731363852765,0.07322104383988307,0.06866710539637542,0.06106887225884934,0.0001990243902439024,0.003570880069213209,0.005759303793500982,0.00510053199910568,0.01214439630093004,0.009866586771538228,0.007090353194574543,0.004141362792652389,0.00258354536809602,0.001356153249401543,0.0007221957768282285,0.002275020662658262,0.002373120550532054,0.001271287833970228,0.0009666839068744341,0.0001716143499851747,0.0,0.0,0.0,0.0,0.3594270374564825,0.378504332569168,0.4571774886461275,0.2514251937475371,0.1756114619250186,
IRQ,433,Iraq,EMDEs,Middle East and North Africa,Upper middle income,External and private sector debt,"Private external debt stocks, % of GDP",,,,,,,,,,,,,,,,,,,,,,,,,,,,,,,,,,
IRL,178,Ireland,Advanced economies,Europe and Central Asia,High income,External and private sector debt,"Private external debt stocks, % of GDP",,,,,,,,,,,,,374.2644309559939,419.884019316042,518.8050102170545,612.7063336996976,742.3606193985177,822.6155535481577,803.6561312482527,993.1745388188173,902.3429062207333,814.3785358530333,846.0830704690538,758.2185984923252,750.7199801347449,763.3328711259464,692.0238880047709,666.4901177014985,659.4925698170952,667.8257475493574,704.2169125698476,608.2438004890055,552.5586992316248,543.5059198918259
IMN,118,Isle of Man,Advanced economies,Europe and Central Asia,High income,External and private sector debt,"Private external debt stocks, % of GDP",,,,,,,,,,,,,,,,,,,,,,,,,,,,,,,,,,
ISR,436,Israel,Advanced economies,Middle East and North Africa,High income,External and private sector debt,"Private external debt stocks, % of GDP",,,,,,,,,26.89112073048131,31.10324098145535,30.59521904454297,31.92728008794996,34.74527847746991,33.52523569459463,33.62646533238028,31.93880410324739,34.03629238542861,31.60096431229593,26.64129203676247,28.61346280571611,27.50458702540255,25.24249942035706,24.99638367710208,22.04236046714779,21.02504998535461,20.23030879613113,18.51757228315055,15.87805021428832,15.27305005184579,16.42253760771872,16.55814111640853,16.25022972779808,14.53096458496427,15.02518263791567
ITA,136,Italy,Advanced economies,Europe and Central Asia,High income,External and private sector debt,"Private external debt stocks, % of GDP",,,,,,,,,,,,,43.98098209373084,48.06609830664939,49.98444290735623,49.96820999922011,63.51667244546981,72.3932950959286,58.61971635419664,65.25146940670022,68.54331161675033,56.94578298887122,63.19552472848468,62.79321369646593,54.85451056082886,57.5079531081911,50.61371229924639,53.09051952369686,50.18684124897689,51.4602954872547,59.30799198077158,51.29241811242354,54.11559089779648,57.92480191779838
JAM,343,Jamaica,EMDEs,Latin America and the Caribbean,Upper middle income,External and private sector debt,"Private external debt stocks, % of GDP",0.7215740939309457,0.6487747957992999,0.6423290203327172,0.5183823529411764,1.430405281496424,1.954496869751107,1.663510954828239,2.238095238095238,2.038613861386139,1.869798582198717,1.15257584114727,1.043284393692224,0.8931474431525878,0.8298409331919406,0.685031941031941,3.215089468530223,6.551138457224175,16.8779442589861,15.75708360619952,26.77685085487734,32.65611309027514,29.88004579199334,26.11170335252286,19.45678604094843,25.34001442481067,13.35311572700297,12.43762404309612,11.71750593019315,21.43859279141104,21.23582995951417,25.34741807706158,32.1815796647131,29.42789507733929,
JPN,158,Japan,Advanced economies,East Asia and Pacific,High income,External and private sector debt,"Private external debt stocks, % of GDP",,,,,,,,,,,,,,24.51506012526872,24.83840092292569,23.90747590742108,23.82164182818255,25.41776699601507,27.19368528940237,26.70680390222581,30.45836363914186,31.26721943711268,30.86652334479419,36.30136568535211,36.99743088108115,42.4279278181316,44.36939931487894,44.87403182450697,47.69333328121407,48.20105270442887,55.79446886155775,52.75878435752399,60.37338726201252,66.28405984219982
JOR,439,Jordan,EMDEs,Middle East and North Africa,Lower middle income,External and private sector debt,"Private external debt stocks, % of GDP",,,,,,,0.2699886589169266,0.2940316686967113,0.4195263885826289,0.4880150962681246,0.3983850957020058,0.9589595953819594,1.418617337545127,0.9899448472813238,0.5237826038569365,0.8482264824120603,1.249693783475784,1.45664173469956,1.506987188272695,1.372998684489363,5.152811641851552,5.510508332204308,6.059498962719783,6.529868860678782,5.984760972628727,6.343271916567465,5.983867802197803,6.070900445196439,7.147509605590349,8.176780661490822,8.986650482610482,8.750207333592167,7.39640840626411,7.13024166895238
KAZ,916,Kazakhstan,EMDEs,Europe and Central Asia,Upper middle income,External and private sector debt,"Private external debt stocks, % of GDP",,,,,0.346738490026092,0.6172245928240879,0.9645828381269314,2.688802670757015,8.87773209848656,10.9014700652045,42.98002952110213,45.67052317970478,52.71205503916873,53.43499708114419,59.22392936596218,57.96230371991248,73.26383837635643,78.6553924654268,71.04777056698791,86.4898047854027,71.5391990381433,57.2942811458474,56.97768931581401,53.82349483381579,59.74960617118907,68.51281862160228,98.2376454049487,77.62654640720358,69.11668172186907,68.6852972746839,73.2057358459686,60.33576648585576,52.12818314744446,46.25772641245981
KEN,664,Kenya,EMDEs,Sub-Saharan Africa,Lower middle income,External and private sector debt,"Private external debt stocks, % of GDP",5.425735248782292,6.444662095984329,3.838504375497216,5.72573718866304,4.224117318881007,2.797862307450487,2.075952170062002,1.775956284153005,1.357246728065923,1.183177369043777,0.9612215753048446,0.5838851152591326,0.2565633210719916,0.1106727128231499,0.04387889425186486,0.0,,,,,,,,0.1863766753642448,0.4184516412018423,1.044240443370755,0.9001603934987169,1.035355324223754,1.107025461062129,0.814612009409138,0.8135294015577929,0.5857089292377702,0.5005990141687409,0.4499306215282428
KIR,826,Kiribati,EMDEs,East Asia and Pacific,Lower middle income,External and private sector debt,"Private external debt stocks, % of GDP",,,,,,,,,,,,,,,,,,,,,,,,2.893287428472029,5.01816490015826,,,,,,,,,
KOR,542,"Korea, Rep.",Advanced economies,East Asia and Pacific,High income,External and private sector debt,"Private external debt stocks, % of GDP",,,,,,,,,29.76611011450625,21.6396348985065,18.23182414694911,17.01382865018452,16.993048661853,17.3340015402498,16.69366074323984,15.71434032651833,20.03207970596791,24.44151216718525,25.24616205436687,29.4872100186719,24.31549555612893,25.36501204626638,24.55441090658886,23.48676653043286,21.60519208966857,20.38548087738457,19.8352299177917,19.05964238229434,19.05094144860271,21.35389903132026,24.52079315318032,24.14754579769824,28.56363248595958,27.13715551149497
XKX,967,Kosovo,EMDEs,Europe and Central Asia,Upper middle income,External and private sector debt,"Private external debt stocks, % of GDP",,,,,,,,,,,,,,,,,,6.297904683648316,8.272798923490964,9.130337972166998,10.61035901271504,13.09791798107255,13.32166369385439,15.06489977728285,13.9256076879593,15.85470139771283,15.49224666966023,15.09016439119532,12.18813752854605,13.13279746835443,18.03282867494824,14.71850711403695,16.15690005344735,17.02359549765753
KWT,443,Kuwait,EMDEs,Middle East and North Africa,High income,External and private sector debt,"Private external debt stocks, % of GDP",,,,,,,,,,,,,,,,,,,,,,,,,,,,,,,,,,
KGZ,917,Kyrgyz Republic,EMDEs,Europe and Central Asia,Lower middle income,External and private sector debt,"Private external debt stocks, % of GDP",,,,,,,19.89187705817783,22.2092246745897,22.56257668711656,28.21747181964573,21.20460526315789,15.31232786885246,15.5359900373599,10.34119791666667,6.970234869015357,6.527368849125661,9.532710609799084,9.983819280273181,19.06045923331387,22.93475479744136,24.41902377972465,38.19972571797354,40.15293761356753,43.87048398091343,45.72117316191242,54.3855795148248,54.34300601790694,46.2399844216539,45.56450247853947,42.34237089201878,45.99071592418207,41.7710025929127,33.56752912954078,32.32568952366683
LAO,544,Lao PDR,EMDEs,East Asia and Pacific,Lower middle income,External and private sector debt,"Private external debt stocks, % of GDP",,,,,,,,,,,,,20.8297180043384,17.11017699115044,20.51716333459072,26.79766157843456,27.71759023894255,38.83519024595333,38.1228557013118,40.81174000932981,35.42572608579803,29.95725122713074,27.10849519325093,18.2626378215837,23.68640132669983,29.0143847967818,34.15810487927565,33.91874523600117,32.6835654199989,43.2474855364944,47.44057500081033,42.55365857227648,50.38085314595595,
LVA,941,Latvia,Advanced economies,Europe and Central Asia,High income,External and private sector debt,"Private external debt stocks, % of GDP",,,,,,,,,,,,,,72.23993376921116,84.71620567867036,82.7521796829125,104.8463523090463,121.8908266881029,105.2998784110152,132.1402318731118,132.0331302608551,106.9216643835616,107.4858657018197,107.2785501489573,94.20054753941712,101.6668356194528,84.76426734577575,86.46546450956585,62.72652053999129,59.1549902129773,59.48558565899368,44.58043122450531,,
LBN,446,Lebanon,EMDEs,Middle East and North Africa,Lower middle income,External and private sector debt,"Private external debt stocks, % of GDP",,,,,,0.4557469692826542,3.197130380536494,5.696813646604442,4.601676534380679,3.907068824967975,4.324832530262076,4.815390818501239,3.721399373573286,3.571795134968695,3.525519848771267,4.702981811415547,3.655269490986696,2.134772626575905,68.95015625536591,62.03137570621469,61.05144886068047,62.99529391138828,61.4163664038894,61.69522184300342,64.32801896207584,65.79210679164413,65.87331078439038,66.26618013125142,74.24800094715943,69.46399567610064,102.3980280885115,95.94467181090057,78.75831955922865,
LSO,666,Lesotho,EMDEs,Sub-Saharan Africa,Lower middle income,External and private sector debt,"Private external debt stocks, % of GDP",0.1912818897637795,0.154087267833109,0.1026688296639629,0.0991462196531792,0.08623633879781421,0.06863856589147287,0.07073551688843398,0.05700537487828627,0.052236354056902,0.04519709711846318,0.02799898047722343,0.02248682170542636,0.01186254672897196,0.0,,,,,,,,,1.098985801217039,0.9791044776119403,0.872426322163908,1.415077202543143,19.79102447869447,23.44141914191419,22.64401294498382,27.87817477399914,32.76290630975144,26.98228265348166,27.76301075268817,
LBR,668,Liberia,EMDEs,Sub-Saharan Africa,Low income,External and private sector debt,"Private external debt stocks, % of GDP",,,,,,,,,,,,,,,,,,,,,,,,,1.877022653721683,2.296571798188875,1.993181818181818,1.829492619692864,1.690466299019608,1.575754149350649,1.361885271649654,0.9422441037332574,0.9338775390035229,
LBY,672,Libya,EMDEs,Middle East and North Africa,Upper middle income,External and private sector debt,"Private external debt stocks, % of GDP",,,,,,,,,,,,,,,,,,,,,,,,,,,,,,,,,,
LIE,147,Liechtenstein,Advanced economies,Europe and Central Asia,High income,External and private sector debt,"Private external debt stocks, % of GDP",,,,,,,,,,,,,,,,,,,,,,,,,,,,,,,,,,
LTU,946,Lithuania,Advanced economies,Europe and Central Asia,High income,External and private sector debt,"Private external debt stocks, % of GDP",,,,,,,,,,,,,,30.40874773719518,24.35617043847242,31.65131150679686,37.79101413766844,42.71431445528619,58.66935476577139,64.71040654302868,52.68586845006049,43.1414296875,40.3118906546843,38.49359495884995,29.34182812326429,26.89569772442085,29.1216710352039,33.06937490888526,27.31532746950312,28.06106255222111,37.31887504172596,,37.9366179726876,36.69760729923261
LUX,137,Luxembourg,Advanced economies,Europe and Central Asia,High income,External and private sector debt,"Private external debt stocks, % of GDP",,,,,,,,,,,,,2914.372834595692,3083.527845583277,3053.653559302691,3326.00154140026,3806.247560123043,3926.996976333999,3684.893599374554,4040.57312711366,3396.437287593317,3368.924044743455,4891.062482027619,5386.564359350041,5158.961907143978,6053.605820075902,6196.124519349519,6385.398231861805,5661.725028472682,5670.923895917193,5288.830602704373,4434.748245614834,4357.260419204507,4246.903840974836
MAC,546,"Macao SAR, China",Advanced economies,East Asia and Pacific,High income,External and private sector debt,"Private external debt stocks, % of GDP",,,,,,,,,,,,,,,,,,,,,,,,,,,,,,,,,,
MDG,674,Madagascar,EMDEs,Sub-Saharan Africa,Low income,External and private sector debt,"Private external debt stocks, % of GDP",1.924049412363266,2.809359904761905,2.946402228802154,2.680359820329806,3.36062403463941,3.453812459614383,3.001761123276561,3.042302205019939,3.540140892776011,3.206620897615709,2.638456491682869,1.861876344244207,2.019920362481316,1.833147255178907,1.073595830207305,0.7858015360983103,0.0656234990619137,0.04057988269794721,0.2223669230769231,0.2119707185192888,0.1599314835219874,0.1165360283933518,0.08719721910354954,0.06233097231165486,0.0435838057973329,0.1124348670846949,0.04213013756435142,0.2253491196114147,0.607797965116279,0.7185820630981921,0.7968661405256302,0.6549776709034696,3.314785737651292,
MWI,676,Malawi,EMDEs,Sub-Saharan Africa,Low income,External and private sector debt,"Private external debt stocks, % of GDP",0.2964955234486025,0.2033395576208178,0.1574569981793355,0.1075689200949367,0.1445734505119454,0.09107797479484173,0.05464437960136469,0.04438236316113161,0.06906247953216373,0.06415681042435424,0.06351623208832512,0.06427910962182863,0.05746104022754978,0.0675442601194426,0.03524004085801839,0.0,,,,,,,,,,,,,,,,,,
MYS,548,Malaysia,EMDEs,East Asia and Pacific,Upper middle income,External and private sector debt,"Private external debt stocks, % of GDP",,,,,,,,,,,,,,,,,,,,,,,37.62856904059502,42.22661059619259,42.74273350537685,46.98333692707287,50.90849298716508,51.71611699978752,49.25993351398404,48.51852008439626,53.06091722245876,50.38215990161082,47.78558509338237,48.80815547018815
MDV,556,Maldives,EMDEs,South Asia,Upper middle income,External and private sector debt,"Private external debt stocks, % of GDP",,,,,,,,,,0.1994708994708995,0.150561797752809,0.3271186440677966,0.5044685990338165,1.78444391634981,2.361532192339038,2.321582115219261,7.532380952380952,12.82055674518201,9.96993838028169,9.84324093816631,4.916846986089644,1.937732978318752,3.446828422876949,1.454260499087036,5.317452574525745,3.676573938506588,1.944103503549347,2.276637876553613,2.33638080846241,3.759707090551884,12.8367745386467,9.867933976261128,8.293764026931708,
MLI,678,Mali,EMDEs,Sub-Saharan Africa,Low income,External and private sector debt,"Private external debt stocks, % of GDP",0.1948308656531182,0.185801805724726,0.1669927402135231,0.1534106395002975,0.0,,,,,,,,,,,,,,,,,,,,,,,,,,,,,
MLT,181,Malta,Advanced economies,Middle East and North Africa,High income,External and private sector debt,"Private external debt stocks, % of GDP",,,,,,,,,,,,,,,,,,,664.1726558562507,1066.204758802202,1052.064345736813,1040.817786729688,1136.540197081749,1091.106095721922,946.7803713482673,879.4479117081944,791.3434510991857,785.0373705083086,641.9994137239635,1068.504903363551,1263.75006144309,979.2220240315339,974.355310402999,1037.390694817889
MHL,867,Marshall Islands,EMDEs,East Asia and Pacific,Upper middle income,External and private sector debt,"Private external debt stocks, % of GDP",,,,,,,,,,,,,,,,,,,,,,,,,,,,,,,,,,
MRT,682,Mauritania,EMDEs,Sub-Saharan Africa,Lower middle income,External and private sector debt,"Private external debt stocks, % of GDP",,,,,,,,,,,,,,,,,,,,,,,,,,,,,,,,,,
MUS,684,Mauritius,EMDEs,Sub-Saharan Africa,Upper middle income,External and private sector debt,"Private external debt stocks, % of GDP",5.375792927451695,5.705038117335101,5.728634490876987,4.762164477441462,6.312065860560844,6.014890741157918,5.359477124183006,4.385150812064965,3.605879650895728,2.961648901457472,2.399635258358662,1.772183531339615,23.23720476283428,37.27645816409423,35.37678827923011,42.12820736857434,40.46942299592868,60.78750605326876,58.20365432098765,55.39017509727627,52.15246596961926,58.26344555812559,52.91681041772365,61.85564142194745,41.77207434603029,30.78535854085117,32.21549150389074,26.95159690826892,32.6412391422367,35.53281379883624,35.75893232819075,36.03913270637408,43.52601745308518,40.30568625401061
MEX,273,Mexico,EMDEs,Latin America and the Caribbean,Upper middle income,External and private sector debt,"Private external debt stocks, % of GDP",2.020048040004812,2.170642176141356,2.614229211033973,3.021126463111956,3.170507461823857,4.939502659252674,4.800142540459739,5.334663482663101,8.751966958752254,10.8466150750903,10.28407314223494,11.54947786271049,8.412783316433648,8.76601776500555,9.429611487579,8.728996307646703,8.789568200418518,9.253020349143108,8.199414318588993,10.32120554949615,10.26376195921203,10.6249229870449,12.38476029989403,13.90154297457655,14.88585109064952,16.68622040494719,20.21461986831896,20.29617173124518,19.75041691276765,18.66985761222035,21.71066232518344,18.32561419569406,16.23632094737734,12.95115301062392
FSM,868,"Micronesia, Fed. States",EMDEs,East Asia and Pacific,Lower middle income,External and private sector debt,"Private external debt stocks, % of GDP",,,,,,,,,,,,,,,,,,,,,,,,,,,,,,,,,,
MDA,921,Moldova,EMDEs,Europe and Central Asia,Upper middle income,External and private sector debt,"Private external debt stocks, % of GDP",,,,,0.3348877374784111,0.6576682859125607,1.348701298701299,3.509262188796681,5.330646982911019,10.77120917235495,15.85508725475285,18.67186357866306,20.60603235258724,20.73104492680465,17.64645881447267,18.07975234270415,21.06701877934272,26.30704385366962,20.05423616845582,22.11408606105186,27.32165687258134,24.26043721040751,25.9914676159853,27.44343934288121,27.86501577287066,41.19677711623091,38.42286917740337,34.83557540725171,30.88976182012087,30.75511629888387,30.26705984388552,28.86708047319994,27.54397250859106,23.76813551073751
MNG,948,Mongolia,EMDEs,East Asia and Pacific,Lower middle income,External and private sector debt,"Private external debt stocks, % of GDP",,,1.040173224776501,2.013196420233463,1.72978464362851,1.484528037190083,1.253099584569733,0.9771706011854362,0.7180413244444446,0.4162143330179754,0.126320765171504,0.0,,,,,0.0732566783831283,0.1181156033057851,6.432349283300729,14.44049387434555,48.81991236743215,66.75670461383287,89.63910061573547,108.4846859481799,121.7035066614869,132.9100574242685,150.8032813340506,148.946729378974,139.3028394033467,141.1395818668168,146.3903928490949,136.4685136726416,121.4063688323807,112.5286265388158
MNE,943,Montenegro,EMDEs,Europe and Central Asia,Upper middle income,External and private sector debt,"Private external debt stocks, % of GDP",,,,,,,,,,,,,,,,,0.4537461453744493,0.2630689826370049,0.1991802015775636,0.3566443442819467,70.85001841775204,73.8083224493838,86.82318798288509,83.3209544603672,83.16215855712731,96.23487210850803,98.12298158135283,83.76504377136972,63.68452450535487,64.45729386252931,85.75494131672598,76.97843382097187,71.44213087618132,
MAR,686,Morocco,EMDEs,Middle East and North Africa,Lower middle income,External and private sector debt,"Private external debt stocks, % of GDP",0.8081115624138882,0.7364931740125931,0.8817752468272895,1.038795994337254,1.256657462628465,1.336124467541077,1.333610444658531,2.724547909880565,2.867001925822779,5.041832670735768,4.785211530211875,4.320126415324092,4.377790544726652,4.572562469606886,4.064772138606496,4.542114780340309,3.49979403370847,3.490112112603608,2.662040514623621,2.347717710250162,2.569180519622129,2.582672622031813,3.478612064507029,4.124031208912878,3.837747521635846,5.085625011321028,5.815618474003567,6.842188778566065,6.832348575871086,7.008659064691283,8.24697557666002,7.123152411259502,7.501464392841046,6.579036786023711
MOZ,688,Mozambique,EMDEs,Sub-Saharan Africa,Low income,External and private sector debt,"Private external debt stocks, % of GDP",0.5522314281666194,0.4213702256809338,0.6155543372633082,0.6070065903572668,55.84854631507775,57.77269758327891,45.78163771712158,39.22855970455478,31.65195460277427,27.79634049323787,16.77405159332321,18.49325663716814,24.67634011090573,22.56494532199271,18.48747637646466,19.43696436626071,21.91076761303891,23.6266210341319,21.33438080495356,29.43348010437052,61.34444444444444,60.98268691428962,87.00770613614574,119.6288812652634,139.966525753699,171.8220062928003,270.3181539481316,259.6033169996231,253.3298128787374,270.1184103654999,321.2295539164032,306.9070324096982,285.6865202890205,
MMR,518,Myanmar,EMDEs,East Asia and Pacific,Lower middle income,External and private sector debt,"Private external debt stocks, % of GDP",5.027681526428793,5.515406519431015,5.01633987667619,4.287926072138712,3.431555570809615,2.789185974068348,2.135617691865134,2.472045271319339,2.031566686647375,1.839413755790867,1.398436409585456,1.336299765426565,1.518609515086207,1.3266343006238,1.127494716196137,0.8827508082937973,0.7814218201066498,0.6203680441527445,0.5463319119923036,0.4444202381692037,0.4070853247734139,0.3032470275590551,0.2484078650849794,0.0,,0.1055175165589338,0.07858545515060743,0.04624512380237322,0.02123869923087303,0.04047120723234789,0.04521921312065397,0.2374320392629383,0.6055710261308811,
NAM,728,Namibia,EMDEs,Sub-Saharan Africa,Upper middle income,External and private sector debt,"Private external debt stocks, % of GDP",,,,,,,,,,,,,,,,,,,,,22.5737540531423,23.6602433062493,23.75038462518039,23.61037589301397,29.80051232343131,28.16429978819417,37.41670514887949,39.40483309742972,37.45295296962517,40.12454500838754,46.76650611004251,42.97054484470763,47.77101314782559,52.58328990326895
NRU,836,Nauru,EMDEs,East Asia and Pacific,High income,External and private sector debt,"Private external debt stocks, % of GDP",,,,,,,,,,,,,,,,,,,,,,,,,,,,,,,,,,
NPL,558,Nepal,EMDEs,South Asia,Lower middle income,External and private sector debt,"Private external debt stocks, % of GDP",0.1208239531742458,0.07535486525406294,0.04731718360878424,0.01986084756483238,0.009366168752523213,0.00862613868748838,0.00836940836940837,0.007698689231790277,0.007743658210947931,0.007527579493835173,0.0,,,,,,,,,,,,,,0.1893539301117859,0.2321538524691105,0.3383787310389823,0.2577868286621566,0.390640855279053,0.3459632598139589,0.3537446910330801,0.450180085032632,0.5598363867933771,0.649462737171308
NLD,138,Netherlands,Advanced economies,Europe and Central Asia,High income,External and private sector debt,"Private external debt stocks, % of GDP",,,,,,,,,,,,,,367.2793723326292,387.6873971441205,368.1159411835905,428.3705861355815,485.2047642221434,398.2539772853831,447.3213319679475,455.7886909735365,433.3931638572507,482.5798134075085,482.6393751473462,466.6572100912373,507.8576120942989,487.6467854828257,508.015753951354,436.3714653926151,433.0273551321275,440.1724927590436,357.8503673559707,347.4640926040865,319.0251141123318
NZL,196,New Zealand,Advanced economies,East Asia and Pacific,High income,External and private sector debt,"Private external debt stocks, % of GDP",,,,,,,,,,,,,,,,,,,,,,91.45826512773307,89.45536161752408,80.46929376055405,74.3413329802701,75.29436702471558,78.74659738247777,76.8138935687427,74.61337537751909,75.27079896101195,80.88608533711982,66.13150727167888,65.51412069321229,64.90173009299595
NIC,278,Nicaragua,EMDEs,Latin America and the Caribbean,Lower middle income,External and private sector debt,"Private external debt stocks, % of GDP",,,,,,0.0,0.2212859795728877,0.2015489749430524,0.6712621359223301,2.335255354200988,4.431395576433744,1.22020618556701,1.411504594180705,1.71565201052236,4.790557569480407,4.614554659072931,3.437093435836783,8.939727872827698,13.7434035541956,24.69437145956369,29.13273204703733,33.19971352568038,38.11236232434486,44.57098242738778,46.84487373737374,47.08444775417418,47.66406743940991,46.09475554910779,48.55581573896353,53.45914418311964,50.83166692950639,45.17930717568046,40.42243634739327,36.6991116098861
NER,692,Niger,EMDEs,Sub-Saharan Africa,Low income,External and private sector debt,"Private external debt stocks, % of GDP",7.555673847035234,6.925845307245491,6.111791933570581,5.974300690562314,8.124031007751938,5.810104529616725,4.573884021693783,4.194135667396061,2.72967032967033,2.764612954186414,3.042505592841164,2.524242424242424,1.934559884559885,1.348610289769367,1.043619861185264,0.7451509606587374,0.549483449293696,0.3419699090272918,0.1790218436598434,0.08896777717094484,0.0,,,,,,,,,,,,,
NGA,694,Nigeria,EMDEs,Sub-Saharan Africa,Lower middle income,External and private sector debt,"Private external debt stocks, % of GDP",0.7441049056520328,0.5942884185204336,0.6654252807315636,0.6391789241169746,0.4499185690326488,0.2661664228294523,0.2058388007006265,0.1852222329555549,0.1664740280260471,0.5498324722932652,3.248440617185657,5.394577055573788,6.661430598725302,6.820686008257639,6.067409226207372,5.100033798107813,4.003755486711762,4.440810699998094,3.737188449736571,4.18369173227817,3.131163598528161,3.017493087335032,2.64943443135077,2.439862243332569,3.002484788891449,3.999816017074266,5.25185209897961,6.407918321734154,5.962768508051226,6.007790655471748,6.13580404337914,6.124515518775599,5.82892375865146,
MKD,962,North Macedonia,EMDEs,Europe and Central Asia,Upper middle income,External and private sector debt,"Private external debt stocks, % of GDP",,,,8.062895422404168,6.238837405223252,6.253040324301258,13.61163047393365,1.966543373217923,5.302678506907545,3.331752257564003,3.499237649708532,4.772034780264223,6.413110338261087,6.301718560452891,6.445654468684025,7.557311810771935,11.75766763848396,12.52835552356963,14.51852300242131,19.76645620212766,20.8120245693043,19.25899609486618,21.59985642498205,21.87770694752402,22.86662858147302,25.36044501837688,26.64435710275126,29.14604798870854,25.02501969434378,26.51326830042034,29.36324586273718,25.90907338663621,28.74482708409174,29.3760007178539
NOR,142,Norway,Advanced economies,Europe and Central Asia,High income,External and private sector debt,"Private external debt stocks, % of GDP",,,,,,,,,,,,,,75.05104489840643,70.88615881887404,70.43656261786195,84.00351904250576,104.95741674271,102.0464570328525,133.2708450498488,125.7069417818317,118.8471158468255,131.7149295175095,127.0307707026809,125.2739310495339,142.6677982017725,147.3337934046264,144.1569561228043,124.9276999119499,142.120647548896,168.3110435848,118.7973987222072,105.5054287576613,126.6923577372386
OMN,449,Oman,EMDEs,Middle East and North Africa,High income,External and private sector debt,"Private external debt stocks, % of GDP",,,,,,,,,,,,,,,,,,,,,,,,,,,,,,,,,,
PAK,564,Pakistan,EMDEs,South Asia,Lower middle income,External and private sector debt,"Private external debt stocks, % of GDP",0.4117519624364238,0.7387164308638312,1.192793730116716,1.373472761257131,1.504883931854162,1.705672605214473,2.01274879666202,2.354388173552745,2.625870742150896,2.482294786684443,2.755662462357047,2.270646332761613,2.121769407144821,1.49434612957416,1.197714929730875,0.6843005598826518,0.5874795361738668,0.6739503967068713,1.598281933097268,1.770058372622599,2.297082028549351,2.516975240375233,2.262890353227187,1.875143131122571,1.753713774122952,1.590128363284766,1.962188359909828,2.935037688405178,3.28864508665976,4.501293171915246,4.970266968476415,4.466553700201732,4.04253284874102,4.567642925381192
PLW,565,Palau,EMDEs,East Asia and Pacific,Upper middle income,External and private sector debt,"Private external debt stocks, % of GDP",,,,,,,,,,,,,,,,,,,,,,,,0.9070796460176991,1.097560975609756,2.131627378091872,1.9909259009901,2.707500637931032,4.461520152249205,4.572267106383119,3.372093023255814,5.87314562660943,4.227642276422764,4.419475655430711
PAN,283,Panama,EMDEs,Latin America and the Caribbean,High income,External and private sector debt,"Private external debt stocks, % of GDP",,,,,,,,,,,,,,,,,,,,,,,,,122.7893312717433,129.599193749777,123.8324141493244,116.5348700130297,118.9270611050019,118.026080622343,135.672927302801,118.0223315943596,,
PNG,853,Papua New Guinea,EMDEs,East Asia and Pacific,Lower middle income,External and private sector debt,"Private external debt stocks, % of GDP",20.18524206853059,17.5815390957827,26.89516026755336,18.42134008980814,11.79009068961248,9.945873548748077,11.53898527865405,14.43140814081408,19.85498380712486,21.22967271293376,14.7798220158638,10.83645994261752,5.447914292227034,2.359037900874636,2.642904921165791,5.266466821092791,5.400035906642729,2.23426925091671,2.95314883043441,3.573913417677941,30.43523963230651,62.26905754795663,62.6354825076309,93.3483514416067,77.84930851751325,84.70458500207154,79.45619249482152,64.47130105966671,56.71627125673994,54.95131509837987,50.09498909761825,37.75035805920423,25.47367288832648,20.42597692490909
PRY,288,Paraguay,EMDEs,Latin America and the Caribbean,Upper middle income,External and private sector debt,"Private external debt stocks, % of GDP",0.388805057096248,0.2905641466208477,0.2933361274098911,0.3540074493033522,1.748570702579088,3.724994482454204,4.170412750306498,4.836929252383341,5.766738660907127,6.314360076949191,5.08130081300813,4.237288135593221,11.49991662034464,15.53331166298271,16.54406691604322,24.33881542186627,27.70962769918094,27.43057235663083,38.68840138127158,48.60857078953255,46.30225588853256,36.55698491270712,37.8063881547333,31.19069364311402,28.87032542473624,31.11898870508962,29.05973399833749,23.94920634920635,20.82697327532629,21.33775082399473,23.88007450891849,21.56776300968687,21.66489881534098,
PER,293,Peru,EMDEs,Latin America and the Caribbean,Upper middle income,External and private sector debt,"Private external debt stocks, % of GDP",1.325928440302196,0.6705982917500295,0.663810487604941,1.660164731138946,2.727636693348757,2.518737736473336,2.57994458174193,5.144720243066043,9.968081160280425,11.60609823682752,12.19182568334193,12.54691970059176,10.37328464988694,9.156629140543588,7.475592051537973,5.959727610733915,5.395071976583313,7.516755555990489,8.587846784233221,9.378300949754147,10.24112865877805,10.48808745151496,16.50208471451065,19.22663033552011,21.75481020394082,20.73796842642024,21.10833346112364,18.10621118012422,16.65263027973446,15.58868724157664,16.66349303342887,14.8869182384377,14.01773738000392,13.67979641692495
PHL,566,Philippines,EMDEs,East Asia and Pacific,Lower middle income,External and private sector debt,"Private external debt stocks, % of GDP",3.11517849726776,3.248797500965549,2.192617204660554,3.952327773586731,5.18339844093003,5.911154179741033,9.18469535995774,12.52921689552207,22.91079438691403,19.66420334107893,20.42917409528249,26.79447073896682,24.19930959955875,21.9819575047967,20.26557810656618,15.30318926512754,12.13802997258192,8.864448501025771,6.573370364626782,4.84540625968024,4.092675258843686,3.505019690415299,3.309788647144166,3.340635368875989,7.002541533359777,6.921664909641503,7.330860647779378,6.44233240032148,6.747351994077994,6.248128978247082,7.353753054836062,7.041321672549462,6.993939803875493,6.872374921791861
POL,964,Poland,EMDEs,Europe and Central Asia,High income,External and private sector debt,"Private external debt stocks, % of GDP",,,,,,,,,,18.7230119550348,21.00569304190242,22.16294122271429,24.63304365298639,28.46590674336291,28.22219262648261,23.54197137484329,29.19997562582154,34.16918985317735,32.86712893553224,42.73932795808947,42.15561586472061,38.63139667489234,42.78234355753892,43.10263260961452,38.11413692573607,39.90389858805172,40.69903119344193,42.98849041503106,37.4324902684085,37.92418384879725,40.69376002989367,36.17427494280402,36.65150744642208,35.25663782493336
PRT,182,Portugal,Advanced economies,Europe and Central Asia,High income,External and private sector debt,"Private external debt stocks, % of GDP",,,,,,,,,71.64114212400503,70.12131482325132,89.02398380876467,103.9739049381193,119.1586348181144,129.1664751642098,120.9452350815654,107.4212418234421,132.4292589346017,146.2117648550664,123.6835938994943,147.2388429718251,131.906491766957,109.3971793532592,109.5529296777146,98.34439771327125,86.25394342518949,82.42141546230455,79.93111955283982,81.08000761026754,74.41793889193681,76.38158608908684,82.07010423030033,71.88228465614672,73.74682163525165,71.91690360133741
PRI,359,Puerto Rico,Advanced economies,Latin America and the Caribbean,High income,External and private sector debt,"Private external debt stocks, % of GDP",,,,,,,,,,,,,,,,,,,,,,,,,,,,,,,,,,
QAT,453,Qatar,EMDEs,Middle East and North Africa,High income,External and private sector debt,"Private external debt stocks, % of GDP",,,,,,,,,,,,,,,,,,,,,,,,,,,,,,,,,,
ROU,968,Romania,EMDEs,Europe and Central Asia,High income,External and private sector debt,"Private external debt stocks, % of GDP",,,,,,,,,,,,,,,,,,,39.70039105989758,51.06057434522582,50.86448436233808,44.38365189410636,48.15854533789325,45.32090350313438,36.12645825603433,35.18957716118441,33.67800985032428,35.56029972592849,29.95081273768162,30.84245279629161,33.09089315731445,29.46307193493725,29.25629017021121,26.4995383944021
RUS,922,Russian Federation,EMDEs,Europe and Central Asia,Upper middle income,External and private sector debt,"Private external debt stocks, % of GDP",,,,,,,,0.4392396657628244,7.704293170694402,10.7714611284145,7.820661483447373,6.796919582921074,7.705271671422627,12.34787841882657,13.14665636694805,16.94828646233355,15.54683058315526,13.05167068418907,11.86451747093629,15.1826409433554,11.2223228981741,13.206679755861,13.28699478533268,13.19380871475965,12.26613072133641,16.47776765954843,22.72721053187136,15.17325447551329,13.33751656462832,12.28496684660358,13.26568820764765,10.48127735502794,6.621498826851833,6.484647849457198
RWA,714,Rwanda,EMDEs,Sub-Saharan Africa,Low income,External and private sector debt,"Private external debt stocks, % of GDP",,,,,,,,,,,,,,,,,,,4.630522863206637,4.229074889867841,5.339647289353365,3.55846042120552,7.211915338385158,7.940161104718067,12.25728155339806,14.88107886730634,17.66008050603795,17.7820058359451,18.36109785202864,18.72206863218947,21.36129951833284,22.00067854881028,19.20563528439402,18.74540968887764
WSM,862,Samoa,EMDEs,East Asia and Pacific,Lower middle income,External and private sector debt,"Private external debt stocks, % of GDP",,,,,,,,,,,,,,,,,,,,,,,,0.0,0.0,0.0,0.0,0.0,0.3156036446469249,0.2182913472070099,0.2327963176064442,0.1566350710900474,0.1680672268907563,0.1421762053004352
SMR,135,San Marino,Advanced economies,Europe and Central Asia,High income,External and private sector debt,"Private external debt stocks, % of GDP",,,,,,,,,,,,,,,,,,,,,,,,,,,,,,,,,,
STP,716,Sao Tome & Principe,EMDEs,Sub-Saharan Africa,Lower middle income,External and private sector debt,"Private external debt stocks, % of GDP",,,,,,,,,,,,,,,,,,0.0,0.0,2.487562189054726,2.617801047120419,2.192982456140351,1.832161861471862,1.573342007434944,1.434576271186441,1.615267175572519,1.439455782312925,1.302153846153846,1.093540051679587,1.097115384615384,0.9588235294117647,0.8627599243856333,0.8328467153284672,
SAU,456,Saudi Arabia,EMDEs,Middle East and North Africa,High income,External and private sector debt,"Private external debt stocks, % of GDP",,,,,,,,,,,,,,,,,,,,,,,,,,,,8.634776980281234,8.169557692444613,12.55709457051511,19.88444405109878,18.38363315085198,13.98429534742157,16.39523857421112
SEN,722,Senegal,EMDEs,Sub-Saharan Africa,Lower middle income,External and private sector debt,"Private external debt stocks, % of GDP",1.376745613167561,1.377394851186197,1.146297371889711,1.182535767037354,1.611574100294985,1.25414320610687,0.6228890285714285,0.9442645304244076,0.3451995012468828,0.2145325049249886,0.2112865691489362,0.7811923786109404,0.47451792601057,0.5717006957910346,1.43719221604448,1.283422605537903,1.288905034618343,1.428343812517862,1.06992641822929,2.215631200396825,6.493566381554481,9.788591319970804,14.05136939791761,17.06243458956605,20.46971518028482,19.31400686280025,18.3206146572104,18.7432988708371,23.36215678644009,21.47312112796411,28.33521643433603,36.26568662993039,44.66242070357555,
SRB,942,Serbia,EMDEs,Europe and Central Asia,Upper middle income,External and private sector debt,"Private external debt stocks, % of GDP",,,,,,7.797754759804101,4.051403906289362,2.91180681597882,3.009028126795571,2.52170376552065,7.085079479060266,5.568194116380966,5.271923188827466,9.670739506995336,13.62435715109351,18.96262365434972,30.08439052818846,35.50594990713216,35.17256945367988,42.24862139006998,43.3008589997341,33.48988076846591,39.95258366931388,35.13261044757614,30.65544706982278,31.78118713939883,25.8538750517288,29.39456256094525,27.07963705298079,27.15805412120977,32.10011807481821,27.16003631324956,27.17663577867627,
SYC,718,Seychelles,EMDEs,Sub-Saharan Africa,High income,External and private sector debt,"Private external debt stocks, % of GDP",,,,,,,,,,,,,,,,,,,,,,,297.5266047927425,240.6713914899445,239.3581015347943,259.6787928592258,245.4488164954536,228.0551226939963,231.5784495764931,235.5661545766888,328.0692472947138,326.5232361952019,254.5337264538763,256.6912864631129
SLE,724,Sierra Leone,EMDEs,Sub-Saharan Africa,Low income,External and private sector debt,"Private external debt stocks, % of GDP",35.0210970464135,30.31634446397188,42.43951612903226,44.20677361853833,36.2885048835462,6.606441476826395,6.120815138282387,6.782258064516128,8.572884811416921,8.607983623336745,0.0,,,,,,,,,,,,,,,,,,,,,,,
SGP,576,Singapore,Advanced economies,East Asia and Pacific,High income,External and private sector debt,"Private external debt stocks, % of GDP",,,,,,,,,,,,,,517.7230667113481,502.3821398143032,481.1449781178858,467.4085407722567,509.9339610099501,487.7710051541113,463.577894837713,442.7712072570687,409.8560476954063,421.9039389618644,430.8243251584902,427.401248642271,416.9623738453697,418.298256878146,436.5093633458795,405.9134148346919,430.3694227988672,509.389636806978,428.5409877564999,387.7767992615463,397.0579485024139
SVK,936,Slovak Republic,Advanced economies,Europe and Central Asia,High income,External and private sector debt,"Private external debt stocks, % of GDP",,,,,,,,,,,,,,37.63268286398099,39.04329713419326,43.71263975622954,42.62158187688262,45.05029872591708,43.44283214984048,36.28160623502274,36.02288545217401,32.24833591912317,33.73748468590259,39.88214722500177,34.88080474054581,38.16131664604656,40.84110028022418,51.87045248703147,44.13090473320401,45.96681776283307,46.43260632100539,40.93751797024955,45.34813559544106,41.77385347894968
SVN,961,Slovenia,Advanced economies,Europe and Central Asia,High income,External and private sector debt,"Private external debt stocks, % of GDP",,,,,,,,,,,,33.22669552156351,40.37771505020604,45.81613635395787,51.83015933718358,59.94487705749586,72.44326106364787,86.40810134155969,79.69670258488516,86.26534717937561,83.83951132666638,71.58406193321183,72.78033127130688,66.81538744900652,52.95270462134973,49.46169539346585,43.33876053338918,45.03667932431853,38.83617247136682,38.74982936732262,41.57384470977115,36.63652323015906,40.12387382936252,38.97099552150917
SLB,813,Solomon Islands,EMDEs,East Asia and Pacific,Lower middle income,External and private sector debt,"Private external debt stocks, % of GDP",,,,16.65913621262458,13.52282878411911,10.41023454157783,8.921526418786693,7.817647058823529,8.308296943231442,7.166598360655738,7.491666666666666,6.818536585365853,7.323988439306358,5.924645892351275,2.820603015075377,1.463312368972746,1.294990723562152,4.170483870967741,3.687839771101574,2.918885869565217,9.040731995277449,8.803142857142857,6.862784810126582,5.047122861586314,3.827694610778443,5.870259938837921,8.622262509064539,15.73734693877551,10.36266253869969,12.43106856084002,16.45768229166667,14.70799194089993,14.29410256410256,12.76838173857442
SOM,726,Somalia,EMDEs,Sub-Saharan Africa,Low income,External and private sector debt,"Private external debt stocks, % of GDP",,,,,,,,,,,,,,,,,,,,,,,,,,,,,,,,,,
ZAF,199,South Africa,EMDEs,Sub-Saharan Africa,Upper middle income,External and private sector debt,"Private external debt stocks, % of GDP",,,,,3.416054021319407,2.873596683281316,2.440920778743725,2.347148028804052,1.818959348529941,3.738754242996579,4.966157847947055,6.519110583131038,8.81354561966225,5.53395493789876,4.873319203085234,3.063890784037347,5.071618621630955,7.629106869081618,6.635706544577887,8.771976907096962,10.58433078130429,10.4162861776991,10.95712476979742,10.62156452727395,10.91885632405986,9.903967029910895,10.74691989202239,10.7400197853492,10.16205700866221,10.71803616955902,9.44394010186491,6.453641424159958,6.723903126589089,6.845150188571065
SSD,733,South Sudan,EMDEs,Sub-Saharan Africa,Low income,External and private sector debt,"Private external debt stocks, % of GDP",,,,,,,,,,,,,,,,,,,,,,,,,,,,,,,,,,
ESP,184,Spain,Advanced economies,Europe and Central Asia,High income,External and private sector debt,"Private external debt stocks, % of GDP",,,,,,,,,,,,,71.17241556007919,83.64394723561757,89.82599312881852,95.13489433574071,120.6188378149581,136.0427161426775,119.66786632759,136.9383909272368,129.0659545800879,113.1116525686197,79.57776160049487,101.4877488382626,90.89794484234507,88.83764989041009,80.81725631970095,86.29344462027967,76.40167015151718,78.89563437927133,93.0671140646117,79.4987775949753,82.83178198385245,87.00522342900837
LKA,524,Sri Lanka,EMDEs,South Asia,Lower middle income,External and private sector debt,"Private external debt stocks, % of GDP",1.985820165525697,1.846886059163867,1.722689057387691,1.623452154481419,1.448594443664444,1.386413119587492,1.17167706243973,1.248207849978429,1.590431950131234,1.741914921381184,2.377849444694357,2.514808002183406,2.134952641565372,1.200563707945598,1.211546493059821,1.343130193905817,1.473674769037582,1.669453880324014,1.52292587749341,1.943316582914573,1.567109458929455,1.790579549649317,4.609511023979998,5.779261444874828,8.628731981135505,8.77826209587383,8.947315909090909,9.140904467237434,9.169756784217434,9.719049598382295,10.43178787555808,10.00221235939829,12.21100332081875,
KNA,361,St. Kitts & Nevis,EMDEs,Latin America and the Caribbean,High income,External and private sector debt,"Private external debt stocks, % of GDP",,,,,,,,,,,,,,,,,,,,,,,,,,,,,,,,,,
LCA,362,St. Lucia,EMDEs,Latin America and the Caribbean,Upper middle income,External and private sector debt,"Private external debt stocks, % of GDP",0.1677029360967185,0.2141924959216966,0.2099406528189911,0.4631578947368421,0.4887798036465639,0.7086614173228347,1.078299492385787,1.310310559006211,1.298175598631699,1.173181324647123,1.283690987124464,1.274775784753363,1.196885428253615,1.478419452887538,1.530018761726079,1.447400881057269,1.386908517350158,1.354921111945905,1.175473020322355,1.169597857142857,1.207853793574846,0.9475859145952836,0.8038740926157696,0.6387043975903615,0.4794285714285714,0.3441062534587714,0.220545746388443,0.1377688844422211,0.06982047549733139,0.006799809795530194,0.0,,,
VCT,364,St. Vincent & the Grenadines,EMDEs,Latin America and the Caribbean,Upper middle income,External and private sector debt,"Private external debt stocks, % of GDP",,,,,,,,,,,,,,,,,,,,,,,,,,,,,,,,,,
SDN,732,Sudan,EMDEs,Sub-Saharan Africa,Low income,External and private sector debt,"Private external debt stocks, % of GDP",,,,,,,,,,,,,,,,,,,,,,,,,,,,,,,,,,
SUR,366,Suriname,EMDEs,Latin America and the Caribbean,Upper middle income,External and private sector debt,"Private external debt stocks, % of GDP",,,,,,,,,,,,,,,,,,,,,,15.18101756074319,15.04428129710574,17.50477698982123,20.60328401737929,27.17190963155418,32.87174373074357,30.05122689015296,37.00326979350202,40.25166086883195,51.21909340659341,46.63099870298314,37.98946881628662,28.45854661598391
SWE,144,Sweden,Advanced economies,Europe and Central Asia,High income,External and private sector debt,"Private external debt stocks, % of GDP",,,,,,,,,68.28928030722646,74.64434398385819,93.1938029326495,104.0225664720807,112.3012351600911,82.88887915682379,126.3251044662912,122.6635238034042,146.2382301603986,160.6946394852309,147.4302632507705,196.5958084657407,177.3976852426164,160.0601921399591,170.8110206041232,176.1382841436517,158.2089628711054,161.8293003421078,156.5056305301025,180.3390650620691,161.6054596687806,168.3121378963363,182.879834213807,149.5185431344536,157.0569190943666,165.7267327281218
CHE,146,Switzerland,Advanced economies,Europe and Central Asia,High income,External and private sector debt,"Private external debt stocks, % of GDP",,,,,,,,,,175.9744251463357,199.4240629613252,186.5148480554408,206.9575473286679,206.8665982389525,189.8217004345854,206.9793801165852,233.0395200432547,295.1930439148503,209.5507639951348,221.2608818662071,224.19906388033,193.556274669096,220.6346339427633,222.2149521321013,215.8878982032842,229.4397824161558,239.425620109994,259.253791267134,235.3257054669427,262.2482198543418,289.265255556325,275.7826640526386,265.2205233254037,244.8625453218605
SYR,463,Syrian Arab Republic,EMDEs,Middle East and North Africa,Low income,External and private sector debt,"Private external debt stocks, % of GDP",,,,,,,,,,,,,,,,,,,,,,,,,,,,,,,,,,
TJK,923,Tajikistan,EMDEs,Europe and Central Asia,Lower middle income,External and private sector debt,"Private external debt stocks, % of GDP",,,,,,,,26.04817127564674,22.27272727272727,30.45078196872125,9.20544904137235,10.2081362346263,7.706765676567657,4.18347266881029,1.631809425952725,1.25334681090437,1.204264891497688,0.8794450431034483,17.26393378773125,16.39787020293349,16.43484579936193,15.00551893300628,17.64247892518441,16.8704326357865,18.49164682969054,23.507649229986,28.32597941092365,24.51665560716656,28.21059005410977,27.68101433562221,29.34380378657487,26.81925229460488,23.22666539597827,19.82986328552592
TZA,738,Tanzania,EMDEs,Sub-Saharan Africa,Lower middle income,External and private sector debt,"Private external debt stocks, % of GDP",1.12036003866976,0.990255873068616,1.103824105225483,1.277896694390716,1.585516697699891,1.529376711062363,1.2508421472937,0.8621194989829783,0.6750129962546816,0.5661970365967564,0.4241006969035492,0.2868365352894529,0.211969955802789,0.009107444028533088,3.158705701078583,3.26074298357983,3.088250874033267,3.411279229711142,3.1985024658915,3.466281014299853,3.841494036409291,3.631083243620705,3.693591424968474,3.320907677824726,4.520283301988716,6.100506072874494,6.733083537589907,7.115264195213514,7.49443176631675,7.190781842611018,7.086988149527402,6.843495085633571,6.719034642780056,
THA,578,Thailand,EMDEs,East Asia and Pacific,Upper middle income,External and private sector debt,"Private external debt stocks, % of GDP",8.26419342805792,11.82330735725503,11.9182243718419,11.87620665844253,13.7381534455019,23.10811027947944,26.35307181686563,31.39043148222133,38.64598771948344,30.4846923872455,25.56772897018799,21.67054349271796,20.8214257526005,19.47686054071092,18.44263603553581,15.70360663011441,15.27227157532085,13.4666901191513,12.41471156519083,12.54852987636266,11.22167690300641,12.46063308514397,15.60268891583115,14.85929475131681,15.55822644038504,13.92220605239026,14.58389272460725,13.58732045306635,15.66307932448486,13.89022182923175,16.96336075466269,17.4965738677665,14.54694506996929,13.74053029693532
TLS,537,Timor-Leste,EMDEs,East Asia and Pacific,Lower middle income,External and private sector debt,"Private external debt stocks, % of GDP",,,,,,,,,,,,,,,,,,,,,,,,,,,,,,,,,,
TGO,742,Togo,EMDEs,Sub-Saharan Africa,Low income,External and private sector debt,"Private external debt stocks, % of GDP",,,,,,,,,,,,,,,,,,,,,,,,,,,,,,,,7.795634444710963,7.981335952848722,
TON,866,Tonga,EMDEs,East Asia and Pacific,Upper middle income,External and private sector debt,"Private external debt stocks, % of GDP",,,,,,,,,,,,,,,,,,,,,,,,,,,,,,,,,,
TTO,369,Trinidad & Tobago,EMDEs,Latin America and the Caribbean,High income,External and private sector debt,"Private external debt stocks, % of GDP",,,,,,,,,,,,,,,,,,,,,,,,,,36.08070847760877,41.20777703144215,41.88736090368174,40.04094580653116,45.32443994136334,52.29036100703571,45.37914973869856,33.97913746586771,37.5813696694258
TUN,744,Tunisia,EMDEs,Middle East and North Africa,Lower middle income,External and private sector debt,"Private external debt stocks, % of GDP",1.542489209651171,1.429818084178022,1.22827203773373,1.267689334489357,1.150907647321928,0.9682480156189368,0.8626920233829064,0.8531497072879332,0.7981219068648885,3.207845092661847,3.551767004084532,4.830208243324981,5.792325945456043,5.474041323749002,5.171779244879242,5.286861436589761,5.338880033278794,5.195237779710429,5.80300392631646,6.230773097185971,5.780238495563731,5.469524266863389,4.971128464839044,4.329422586224605,3.734888997871621,2.8087474973241,3.992815125563571,4.599983818151635,5.456603980134467,5.423180398759097,4.883017615890926,3.773265777501714,3.06997584480709,2.540497956523753
TUR,186,Turkiye,EMDEs,Europe and Central Asia,Upper middle income,External and private sector debt,"Private external debt stocks, % of GDP",0.6525123747518167,1.07700259104999,1.809112678806074,2.628164365759757,3.637333209150363,3.110305394235462,5.399038094544206,7.157146243063962,9.202607975666522,10.58261009638846,10.15073972699866,14.16893508628021,13.00341061904901,9.918698848617323,9.117985368846348,10.95313007471562,15.73870706830521,18.65890019530073,18.89003677267067,20.5312450877239,15.88718604542095,14.86423069150205,15.51027078720341,15.94807301250961,17.52205325924442,22.04187429564237,22.93423968469308,25.34272044179283,26.79617291941706,24.8063241265187,24.81369763418911,21.07645628576003,18.01500391179026,15.76821631874733
TKM,925,Turkmenistan,EMDEs,Europe and Central Asia,Upper middle income,External and private sector debt,"Private external debt stocks, % of GDP",,,,,,,,,0.3338340486409156,0.213258539802881,0.1950506521485967,0.2081518346689161,0.3114374621848739,0.2299044079250499,0.1684386597725775,0.1128595603310288,0.01055342701697788,0.003986357123546905,0.001747758508209199,0.04024776806897749,0.02095269821408258,0.07611090784229843,0.07800297420998169,0.09406935375420247,0.08191783538538183,0.0847797510234959,0.06656102108405634,0.1018681270968585,0.07028538104221181,0.08174437522390873,0.0981211507110814,0.07665970033150622,0.03200908148737221,
TCA,381,Turks & Caicos Islands,EMDEs,Latin America and the Caribbean,High income,External and private sector debt,"Private external debt stocks, % of GDP",,,,,,,,,,,,,,,,,,,,,,,,,,,,,,,,,,
TUV,869,Tuvalu,EMDEs,East Asia and Pacific,Upper middle income,External and private sector debt,"Private external debt stocks, % of GDP",,,,,,,,,,,,,,,,,,,,,,,,,,,,,,,,,,
UGA,746,Uganda,EMDEs,Sub-Saharan Africa,Low income,External and private sector debt,"Private external debt stocks, % of GDP",0.2719782608695652,0.5132672029766486,0.5093128367626886,0.5141953212711667,0.3240026778846154,0.3093053311922923,0.3125230182808246,0.2369708278815273,0.2516058760631835,0.06383446503898761,0.06067221119133574,0.05804831142310147,0.04305281186943619,0.04543917478510029,0.0,0.0,0.0,0.005657930561900411,0.005791728444622865,0.01879381134110424,0.01874889681157072,0.0167757041562125,0.01492758104657552,11.63186600259812,10.52452188179778,12.98401288858642,12.9121321897087,12.87567398714743,11.33612059044158,10.94101917370421,10.32815537268146,10.97787713991625,10.93029387852923,6.275284403935278
UKR,926,Ukraine,EMDEs,Europe and Central Asia,Lower middle income,External and private sector debt,"Private external debt stocks, % of GDP",,,0.01880773216780066,0.03410992148465382,0.1188940334631169,0.2182939255388635,0.4359503504546145,1.256016349509322,1.973353341798453,3.864701019564618,4.841959729052611,5.273377703826955,6.473336639977326,8.344704167997445,11.49967720512147,11.10113493650868,22.26584575983372,27.49485131927963,31.02758434309729,45.60606428138266,40.93358919499158,37.50688217148394,32.6956138604286,40.00890731547651,47.57659679740914,57.770095246475,52.06502587065743,44.92350816484878,39.09843672437625,33.98325677356518,34.41015326476409,27.14620952275138,29.79145321521795,27.59620169701934
ARE,466,United Arab Emirates,EMDEs,Middle East and North Africa,High income,External and private sector debt,"Private external debt stocks, % of GDP",,,,,,,,,,,,,,,,,,,,,,,,,,,,,,,,,,
GBR,112,United Kingdom,Advanced economies,Europe and Central Asia,High income,External and private sector debt,"Private external debt stocks, % of GDP",,,,,,,,,,174.8054060699753,194.8650324146486,217.7546754798644,235.392953058595,249.3303389690385,265.6268841448036,271.5673733345693,308.6334661870169,337.0556014807412,290.7011439100929,353.5213264554346,347.5118485934458,336.207656991225,330.6242641836539,310.3663371808237,274.2703734267704,251.3692352857618,248.7113039821629,289.3958023105566,263.2074442126396,275.0435138205318,318.1737688972321,273.1542349173939,267.6793436488846,258.7755436619365
USA,111,United States,Advanced economies,North America,High income,External and private sector debt,"Private external debt stocks, % of GDP",,,,,,,,,,,,,,44.7606981220186,49.86980214329417,54.11299772992208,62.47882104287906,73.23967044924608,69.96345934454311,66.2223572925912,64.48839206656932,64.79331526677554,59.72789998738768,59.58806742028977,59.46728569907358,59.05715222738453,59.33872554493776,60.39300227920518,59.57367466212251,60.14308548700364,63.13040542045709,61.12385961714924,59.45772817849527,58.40655461463037
URY,298,Uruguay,EMDEs,Latin America and the Caribbean,High income,External and private sector debt,"Private external debt stocks, % of GDP",,,,,,,,,,,,,,3.345055532669226,2.621168688311521,2.194714634106999,2.484881811102789,3.493934431397639,2.773155670236151,4.027602334587023,2.917499958969142,3.40698664524193,12.18350334122015,10.8951416320462,18.67412112166196,20.21013758425811,41.91873748066143,37.67715695633473,37.11112100205766,42.6439056496455,48.93443967764789,46.05053083373785,45.74877261171852,37.24350523169787
UZB,927,Uzbekistan,EMDEs,Europe and Central Asia,Lower middle income,External and private sector debt,"Private external debt stocks, % of GDP",,,0.6033143588025023,0.3227484587501812,0.8280984623853209,1.114516709555939,1.668824843866384,2.134975316009331,2.8646813960935,3.42275535998502,3.623128816516429,3.647870516425485,4.158367011399307,4.561394581397181,3.783265861083416,3.254205297954178,2.952709333770615,3.156267640811071,3.663526933459758,7.445507005840981,7.50322215201318,6.497076496105492,6.109061018957347,7.488523335883703,8.490118493963982,8.538810674511451,9.513063578416494,12.94196291941174,13.35525628901078,14.23030986663128,19.64167372353674,19.91687044726369,20.46375374228442,21.3568750960923
VUT,846,Vanuatu,EMDEs,East Asia and Pacific,Lower middle income,External and private sector debt,"Private external debt stocks, % of GDP",,,,,,,,,,,,,,,,,,,,,,,,,,,,,,,,,,
VEN,299,"Venezuela, RB",EMDEs,Latin America and the Caribbean,Not classified,External and private sector debt,"Private external debt stocks, % of GDP",,,,,,,,,,,,,,,,,,,,,,,,,,,,,,,,,,
VNM,582,Viet Nam,EMDEs,East Asia and Pacific,Lower middle income,External and private sector debt,"Private external debt stocks, % of GDP",,,,,,,,,,,,,,,,,,,0.0,0.02424698524282681,3.320297500698266,3.557135693938545,4.655966352238316,4.82126319534805,6.238603804661468,8.619106936252876,10.33109821456616,11.36796299782366,11.86490674440832,12.64508312345925,13.53266263801219,14.40969955406457,14.74670934965009,
PSE,487,West Bank & Gaza,EMDEs,Middle East and North Africa,Upper middle income,External and private sector debt,"Private external debt stocks, % of GDP",,,,,,,,,,,,,,,,,,,,,,,,0.4513169576797869,0.4360257326661902,0.4365874606355568,0.3959753326841934,0.3782242063492063,3.092277446703962,4.365588887591922,4.584084470770023,4.638577502899111,4.638422205989773,4.418879690355875
YEM,474,"Yemen, Rep.",EMDEs,Middle East and North Africa,Low income,External and private sector debt,"Private external debt stocks, % of GDP",,,,,,,,,,,,,,,,,,,,,,,,,,,,,,,,,,
ZMB,754,Zambia,EMDEs,Sub-Saharan Africa,Lower middle income,External and private sector debt,"Private external debt stocks, % of GDP",0.05667074663402692,0.1155555555555556,0.3913945766463752,0.3703860242321781,1.121560317199891,1.187453069228744,1.705468591275354,1.393954292354171,2.143802430751837,3.274219389133627,2.645899836156623,4.116300196382428,5.328199637577492,5.204064175846594,9.141796588972834,7.189272353223675,6.475638614637203,6.975106685633001,5.852964162107849,6.652752413253326,3.919759178839321,6.469712214879556,2.990157634695318,3.770458597817559,9.453221587769386,17.15609319839962,31.41446219890293,48.21136275798099,46.74902705989662,63.21849929211892,72.08229683537326,37.62371469949312,27.12307190440217,27.79581061732062
ZWE,698,Zimbabwe,EMDEs,Sub-Saharan Africa,Lower middle income,External and private sector debt,"Private external debt stocks, % of GDP",1.836208596214511,2.808920634920635,3.901776595662775,4.212187835909631,3.250573756753361,4.817116871596273,4.399738692300089,4.581146381667629,2.057623624266468,2.060744378451865,1.950841996472663,1.28609780149413,0.9296421574289706,0.8024221057029455,0.6631388145800317,0.5345049170904267,0.4393636653973714,1.08429945793192,1.459921240495005,1.016899379267536,5.024144876266401,6.472952774468085,10.7510293059126,5.29268478290473,6.341927245499768,9.626612423256047,17.71036914813914,18.06555590946203,12.08200552704708,14.9660925279453,14.25632660168167,10.99932805641937,11.91802699050845,
